# Constructed from biom file					
OTU_ID	BHBS	BPS	ISED	LBS	taxa
d__Bacteria;p__Proteobacteria;c__Gammaproteobacteria;o__Pseudomonadales;f__Pseudomonadaceae	0.001168452	0.00035791	0.00127751	0	Pseudomonadaceae
d__Bacteria;p__Proteobacteria;c__Gammaproteobacteria;o__Pseudomonadales;f__Moraxellaceae	0.002336904	0.001431639	0.008836114	0.00318408	Moraxellaceae
d__Bacteria;p__Desulfobacterota;c__Desulfuromonadia;o__Geobacterales;__	0	0.001840679	0.001261132	0	d__Bacteria;p__Desulfobacterota;c__Desulfuromonadia;o__Geobacterales;__
d__Bacteria;p__Campilobacterota;c__Campylobacteria;o__Campylobacterales;f__Sulfurospirillaceae	0	0.00076695	0.000311188	0	Sulfurospirillaceae
d__Bacteria;p__Firmicutes;c__Bacilli;o__Bacillales;f__Planococcaceae	0	0	0.001281605	0	Planococcaceae
d__Bacteria;p__Firmicutes;c__Clostridia;o__Peptostreptococcales-Tissierellales;f__Sedimentibacteraceae	0	0.00015339	0.000118743	0	Sedimentibacteraceae
d__Bacteria;p__Proteobacteria;c__Gammaproteobacteria;o__Burkholderiales;f__Rhodocyclaceae	0	0.139022395	0.078788003	0	Rhodocyclaceae
d__Bacteria;p__Firmicutes;c__Clostridia;o__Clostridia;f__Hungateiclostridiaceae	0.001071081	0.003374578	0.003492681	0	Hungateiclostridiaceae
d__Bacteria;p__Spirochaetota;c__Spirochaetia;o__Spirochaetales;f__Spirochaetaceae	0.003213242	0.01835566	0.017983417	0.058109453	Spirochaetaceae
d__Bacteria;p__Firmicutes;c__Clostridia;o__Oscillospirales;f__Ruminococcaceae	0	0	0.000155594	0	Ruminococcaceae
d__Bacteria;p__Firmicutes;c__Clostridia;o__Clostridiales;f__Clostridiaceae	0	0.00020452	0.006645511	0	Clostridiaceae
d__Bacteria;p__Firmicutes;c__Clostridia;o__Oscillospirales;f__Oscillospiraceae	0	0.00020452	0.000380796	0	Oscillospiraceae
d__Bacteria;p__Thermodesulfobiota;c__Thermodesulfobiia;o__Thermodesulfobiales;f__Thermodesulfobiaceae	0.000292113	0	0	0	Thermodesulfobiaceae
d__Bacteria;p__Firmicutes;c__Clostridia;o__Clostridiales;f__Caloramatoraceae	0	0	0.000257959	0	Caloramatoraceae
d__Bacteria;p__Proteobacteria;c__Gammaproteobacteria;o__Steroidobacterales;f__Steroidobacteraceae	0	0.008589835	0.017045757	0.002587065	Steroidobacteraceae
d__Bacteria;p__Proteobacteria;c__Gammaproteobacteria;o__Burkholderiales;f__Comamonadaceae	0	0.022037018	0.031814925	0.019303483	Comamonadaceae
d__Bacteria;p__Firmicutes;c__Desulfitobacteriia;o__Desulfitobacteriales;f__Desulfitobacteriaceae	0	0	7.37E-05	0	Desulfitobacteriaceae
d__Bacteria;p__Desulfobacterota;c__Desulfovibrionia;o__Desulfovibrionales;f__Desulfovibrionaceae	0	0	0.000307094	0	Desulfovibrionaceae
d__Bacteria;p__Proteobacteria;c__Gammaproteobacteria;o__Arenicellales;f__Arenicellaceae	0	0.026383066	0.01962944	0	Arenicellaceae
d__Bacteria;p__Proteobacteria;c__Alphaproteobacteria;o__Caulobacterales;f__Caulobacteraceae	0	0.00010226	0.00078616	0	Caulobacteraceae
d__Bacteria;p__Proteobacteria;c__Gammaproteobacteria;o__Burkholderiales;f__Hydrogenophilaceae	0	0.032058493	0.013458901	0	Hydrogenophilaceae
d__Bacteria;p__Bacteroidota;c__Kryptonia;o__Kryptoniales;f__Kryptoniaceae	0	0.00066469	0	0	Kryptoniaceae
d__Bacteria;p__Desulfobacterota;c__Desulfuromonadia;o__Geobacterales;f__Geobacteraceae	0	0.053226301	0.046059986	0.040597015	Geobacteraceae
d__Bacteria;p__Proteobacteria;c__Gammaproteobacteria;o__Burkholderiales;f__SC-I-84	0	0.012731363	0.01237793	0	SC-I-84
d__Bacteria;p__Desulfobacterota;c__Desulfobacteria;o__Desulfatiglandales;f__Desulfatiglandaceae	0	0.028786174	0.013618589	0	Desulfatiglandaceae
d__Bacteria;p__Bacteroidota;c__Bacteroidia;o__Bacteroidales;f__Bacteroidetes_vadinHA17	0	0.061509357	0.038538233	0.066069652	Bacteroidetes_vadinHA17
d__Bacteria;p__Proteobacteria;c__Gammaproteobacteria;o__Run-SP154;f__Run-SP154	0	0.007209326	0.004622786	0	Run-SP154
d__Bacteria;p__Proteobacteria;c__Gammaproteobacteria;o__Methylococcales;f__Methylomonadaceae	0	0.106248083	0.04986795	0.012935323	Methylomonadaceae
d__Bacteria;p__Campilobacterota;c__Campylobacteria;o__Campylobacterales;f__Sulfurimonadaceae	0	0.001278249	0.066401884	0	Sulfurimonadaceae
d__Bacteria;p__Acidobacteriota;c__Vicinamibacteria;o__Vicinamibacterales;f__uncultured	0	0.003885878	0.007976251	0.00039801	d__Bacteria;p__Acidobacteriota;c__Vicinamibacteria;o__Vicinamibacterales;f__uncultured
d__Bacteria;p__Desulfobacterota;c__Syntrophobacteria;o__Syntrophobacterales;f__Syntrophobacteraceae	0	0.012424583	0.011505784	0.003383085	Syntrophobacteraceae
d__Bacteria;p__Firmicutes;c__Bacilli;o__Izemoplasmatales;f__Izemoplasmatales	0.001460565	0	0	0	Izemoplasmatales
d__Archaea;p__Halobacterota;c__Methanomicrobia;o__Methanomicrobiales;f__Methanoregulaceae	0	0	0.003742451	0	Methanoregulaceae
d__Archaea;p__Thermoplasmatota;c__Thermoplasmata;o__Marine_Benthic_Group_D_and_DHVEG-1;f__Marine_Benthic_Group_D_and_DHVEG-1	0	0.004346048	0.001817996	0.032437811	Marine_Benthic_Group_D_and_DHVEG-1
d__Bacteria;p__Myxococcota;c__Myxococcia;o__Myxococcales;f__Anaeromyxobacteraceae	0	0.003579098	0.004549084	0.020298507	Anaeromyxobacteraceae
d__Bacteria;p__Cyanobacteria;c__Cyanobacteriia;o__Chloroplast;f__Chloroplast	0.025511198	0.007771756	0.010932542	0.006169154	Chloroplast
d__Bacteria;p__Verrucomicrobiota;c__Verrucomicrobiae;o__Verrucomicrobiales;f__Rubritaleaceae	0	0.006749156	0.005085474	0.004378109	Rubritaleaceae
d__Bacteria;p__Proteobacteria;c__Gammaproteobacteria;o__Burkholderiales;f__Sutterellaceae	0	0.003374578	0.006035418	0.00238806	Sutterellaceae
d__Bacteria;p__Bacteroidota;c__Ignavibacteria;o__Ignavibacteriales;f__LD-RB-34	0	0.002198589	0.000855768	0	LD-RB-34
d__Bacteria;p__Bacteroidota;c__Bacteroidia;o__Bacteroidales;f__SB-5	0	0.020349729	0.013286928	0.021094527	SB-5
d__Bacteria;p__Chloroflexi;c__KD4-96;o__KD4-96;f__KD4-96	0	0	0.004229706	0	KD4-96
d__Bacteria;p__Bacteroidota;c__Bacteroidia;o__Flavobacteriales;f__Flavobacteriaceae	0	0.001533899	0.003533627	0	Flavobacteriaceae
d__Bacteria;p__Acidobacteriota;c__Acidobacteriae;o__Acidobacteriales;f__Acidobacteriaceae_(Subgroup_1)	0.095813048	0	3.28E-05	0	Acidobacteriaceae_(Subgroup_1)
d__Bacteria;p__Chloroflexi;c__Anaerolineae;o__Anaerolineales;f__Anaerolineaceae	0	0.020094079	0.041379875	0.041393035	Anaerolineaceae
d__Bacteria;p__Proteobacteria;c__Gammaproteobacteria;o__Burkholderiales;f__Gallionellaceae	0	0.01763984	0.010486232	0	Gallionellaceae
d__Bacteria;p__Bacteroidota;c__Bacteroidia;o__Bacteroidales;f__Tannerellaceae	0	0	3.28E-05	0	Tannerellaceae
d__Bacteria;p__Desulfobacterota;c__Syntrophia;o__Syntrophales;f__uncultured	0	0.006953676	0.006322039	0.003781095	d__Bacteria;p__Desulfobacterota;c__Syntrophia;o__Syntrophales;f__uncultured
d__Bacteria;p__Proteobacteria;c__Alphaproteobacteria;o__Rhizobiales;f__Hyphomicrobiaceae	0	0.002096329	0.0024199	0.000995025	Hyphomicrobiaceae
d__Archaea;p__Euryarchaeota;c__Methanobacteria;o__Methanobacteriales;f__Methanobacteriaceae	0	0.001227119	0.000565053	0	Methanobacteriaceae
d__Bacteria;p__Nitrospinota;c__P9X2b3D02;o__P9X2b3D02;f__P9X2b3D02	0	0.003988138	0.004336165	0	P9X2b3D02
d__Bacteria;p__Acidobacteriota;c__Aminicenantia;o__Aminicenantales;f__Aminicenantales	0	0.00020452	0.009880233	0.009353234	Aminicenantales
d__Bacteria;p__Proteobacteria;c__Gammaproteobacteria;o__Xanthomonadales;f__Rhodanobacteraceae	0.140019474	0	0.000933565	0	Rhodanobacteraceae
d__Bacteria;p__Proteobacteria;c__Gammaproteobacteria;o__Diplorickettsiales;f__Diplorickettsiaceae	0	0.00081808	0.001912171	0	Diplorickettsiaceae
d__Bacteria;p__Desulfobacterota;c__Syntrophia;o__Syntrophales;f__Syntrophaceae	0	0.007260456	0.008963046	0.007761194	Syntrophaceae
d__Bacteria;p__Actinobacteriota;c__Coriobacteriia;o__OPB41;f__OPB41	0	0.001789549	0.002157846	0.00278607	OPB41
d__Bacteria;p__Desulfobacterota;c__Syntrophia;o__Syntrophales;__	0	0.006493506	0.00478657	0.019104478	d__Bacteria;p__Desulfobacterota;c__Syntrophia;o__Syntrophales;__
d__Bacteria;p__Campilobacterota;c__Campylobacteria;o__Campylobacterales;f__Arcobacteraceae	0	0	0.026471491	0	Arcobacteraceae
d__Bacteria;p__Proteobacteria;c__Alphaproteobacteria;o__Rhodobacterales;f__Rhodobacteraceae	0	0	0.005003583	0	Rhodobacteraceae
d__Bacteria;p__Nitrospirota;c__Thermodesulfovibrionia;o__uncultured;f__uncultured	0	0.014367522	0.00523288	0.048159204	d__Bacteria;p__Nitrospirota;c__Thermodesulfovibrionia;o__uncultured;f__uncultured
d__Bacteria;p__Actinobacteriota;c__Actinobacteria;o__PeM15;f__PeM15	0	0.00076695	0.002247927	0	PeM15
d__Bacteria;p__Bacteroidota;c__Kryptonia;o__Kryptoniales;f__BSV26	0	0.012526843	0.006907565	0.048557214	BSV26
d__Bacteria;p__Desulfobacterota;c__Syntrophobacteria;o__Syntrophobacterales;f__uncultured	0	0.001431639	0.001539564	0.003383085	d__Bacteria;p__Desulfobacterota;c__Syntrophobacteria;o__Syntrophobacterales;f__uncultured
d__Bacteria;p__Latescibacterota;c__Latescibacteria;o__Latescibacterales;f__Latescibacteraceae	0	0.002351979	0.003324803	0.000597015	Latescibacteraceae
d__Bacteria;p__Firmicutes;c__Negativicutes;o__Acidaminococcales;f__Acidaminococcaceae	0	0	8.19E-05	0	Acidaminococcaceae
d__Bacteria;p__Bacteroidota;c__Ignavibacteria;o__Ignavibacteriales;f__PHOS-HE36	0	0.003476838	0.003775207	0	PHOS-HE36
d__Bacteria;p__Actinobacteriota;c__Actinobacteria;o__Micrococcales;f__Microbacteriaceae	0	0.001175989	0.000876241	0	Microbacteriaceae
d__Archaea;p__Thermoplasmatota;c__Thermoplasmata;o__Methanomassiliicoccales;f__uncultured	0	0.00046017	0.001817996	0	d__Archaea;p__Thermoplasmatota;c__Thermoplasmata;o__Methanomassiliicoccales;f__uncultured
d__Bacteria;p__Actinobacteriota;c__Thermoleophilia;o__Gaiellales;f__uncultured	0	0.001942939	0.002944007	0.001393035	d__Bacteria;p__Actinobacteriota;c__Thermoleophilia;o__Gaiellales;f__uncultured
d__Bacteria;p__Proteobacteria;c__Alphaproteobacteria;o__Rhizobiales;f__Rhizobiales_Incertae_Sedis	0	0.001278249	0.002411711	0	Rhizobiales_Incertae_Sedis
d__Bacteria;p__Bacteroidota;c__Bacteroidia;o__Bacteroidales;f__Prolixibacteraceae	0	0.026076286	0.014122223	0.002189055	Prolixibacteraceae
d__Bacteria;p__Proteobacteria;c__Alphaproteobacteria;o__Rhizobiales;f__Methyloligellaceae	0	0	0.000630566	0	Methyloligellaceae
d__Archaea;p__Thermoplasmatota;c__Thermoplasmata;o__Methanomassiliicoccales;f__Methanomassiliicoccaceae	0	0	0.000863957	0.00119403	Methanomassiliicoccaceae
d__Bacteria;p__Proteobacteria;c__Gammaproteobacteria;o__Cellvibrionales;f__Halieaceae	0	0.003221188	0.003902139	0	Halieaceae
d__Bacteria;p__Desulfobacterota;c__Syntrophorhabdia;o__Syntrophorhabdales;f__Syntrophorhabdaceae	0	0.003221188	0.002080049	0.004776119	Syntrophorhabdaceae
d__Bacteria;p__Bacteroidota;c__Bacteroidia;o__Sphingobacteriales;f__Lentimicrobiaceae	0	0.022088148	0.014715938	0.008358209	Lentimicrobiaceae
d__Bacteria;p__Nitrospirota;c__Leptospirillia;o__Leptospirillales;f__Leptospirillaceae	0.04751704	0	0	0	Leptospirillaceae
d__Bacteria;p__Sva0485;c__Sva0485;o__Sva0485;f__Sva0485	0	0.012577973	0.008144129	0.031641791	Sva0485
d__Bacteria;p__Desulfobacterota;c__Desulfobulbia;o__Desulfobulbales;f__Desulfobulbaceae	0	0.004346048	0.004946259	0	Desulfobulbaceae
d__Bacteria;p__Proteobacteria;c__Gammaproteobacteria;o__Burkholderiales;f__Methylophilaceae	0	0.003221188	0.004405773	0	Methylophilaceae
d__Bacteria;p__Proteobacteria;c__Gammaproteobacteria;o__Burkholderiales;f__Sulfuricellaceae	0	0.007311586	0.003746545	0.006169154	Sulfuricellaceae
d__Bacteria;p__Proteobacteria;c__Gammaproteobacteria;o__SZB30;f__SZB30	0	0.001891809	0.001015457	0	SZB30
d__Bacteria;p__Proteobacteria;c__Alphaproteobacteria;o__Acetobacterales;f__Acetobacteraceae	0.114995131	0	0.001736104	0	Acetobacteraceae
d__Bacteria;p__Bacteroidota;c__Ignavibacteria;o__Ignavibacteriales;f__Ignavibacteriaceae	0	0.033387872	0.008074521	0	Ignavibacteriaceae
d__Bacteria;p__Acidobacteriota;c__Holophagae;o__Holophagales;f__Holophagaceae	0	0.002761019	0.00651039	0	Holophagaceae
d__Bacteria;p__Proteobacteria;c__Gammaproteobacteria;o__KF-JG30-C25;f__KF-JG30-C25	0.318403116	0	0	0	KF-JG30-C25
d__Bacteria;p__Desulfobacterota;c__Desulfobaccia;o__Desulfobaccales;f__Desulfobaccaceae	0	0.004039268	0.002903061	0.00119403	Desulfobaccaceae
d__Bacteria;p__Desulfobacterota;c__Desulfobacteria;o__Desulfobacterales;f__Desulfosarcinaceae	0	0.006851416	0.008852493	0.00079602	Desulfosarcinaceae
d__Bacteria;p__Acidobacteriota;c__Vicinamibacteria;o__Vicinamibacterales;f__Vicinamibacteraceae	0	0.000971469	0.002428089	0	Vicinamibacteraceae
d__Bacteria;p__Acidobacteriota;c__Subgroup_22;o__Subgroup_22;f__Subgroup_22	0	0.001942939	0.001306173	0.00159204	Subgroup_22
d__Bacteria;p__Bacteroidota;c__Bacteroidia;o__Bacteroidales;f__Paludibacteraceae	0	0.004908477	0.007763333	0.004577114	Paludibacteraceae
d__Bacteria;p__Bacteroidota;c__Bacteroidia;o__Chitinophagales;f__Chitinophagaceae	0	0.00076695	0.003562289	0	Chitinophagaceae
d__Bacteria;p__Proteobacteria;c__Gammaproteobacteria;o__Gammaproteobacteria_Incertae_Sedis;f__Unknown_Family	0.036514119	0	0.000667417	0	Unknown_Family
d__Bacteria;p__Desulfobacterota;c__uncultured;o__uncultured;f__uncultured	0	0.006595766	0.002890777	0.023482587	d__Bacteria;p__Desulfobacterota;c__uncultured;o__uncultured;f__uncultured
d__Bacteria;p__Actinobacteriota;c__Actinobacteria;o__Micrococcales;f__Micrococcaceae	0	0	0.000217013	0	Micrococcaceae
d__Bacteria;p__Acidobacteriota;c__Thermoanaerobaculia;o__Thermoanaerobaculales;f__Thermoanaerobaculaceae	0	0.001585029	0.002067765	0	Thermoanaerobaculaceae
d__Archaea;p__Halobacterota;c__Methanomicrobia;o__Methanomicrobiales;f__Methanomicrobiales	0	0	0.000302999	0	Methanomicrobiales
d__Bacteria;p__Proteobacteria;c__Gammaproteobacteria;o__Cellvibrionales;f__Spongiibacteraceae	0	0.001380509	0.000675607	0	Spongiibacteraceae
d__Bacteria;p__Firmicutes;c__Bacilli;o__Bacillales;f__Bacillaceae	0	0.0005113	0.000208824	0.000995025	Bacillaceae
d__Bacteria;p__Firmicutes;c__Clostridia;o__Eubacteriales;f__Eubacteriaceae	0	0	0.000118743	0	Eubacteriaceae
d__Bacteria;p__Proteobacteria;c__Gammaproteobacteria;o__KI89A_clade;f__KI89A_clade	0	0.00092034	0.000413553	0	KI89A_clade
d__Bacteria;p__Desulfobacterota;c__Syntrophia;o__Syntrophales;f__Smithellaceae	0	0.004243788	0.007480807	0	Smithellaceae
d__Bacteria;p__Verrucomicrobiota;c__Kiritimatiellae;o__WCHB1-41;f__WCHB1-41	0	0.001227119	0.003816153	0	WCHB1-41
d__Archaea;p__Altiarchaeota;c__Altiarchaeia;o__Altiarchaeales;f__Altiarchaeaceae	0	0	0.00064285	0	Altiarchaeaceae
d__Bacteria;p__Proteobacteria;c__Gammaproteobacteria;o__Xanthomonadales;f__Xanthomonadaceae	0	0	0.001711536	0	Xanthomonadaceae
d__Bacteria;p__Proteobacteria;c__Gammaproteobacteria;o__Competibacterales;f__Competibacteraceae	0	0.006544636	0.001584604	0	Competibacteraceae
d__Bacteria;p__Proteobacteria;c__Gammaproteobacteria;o__Burkholderiales;__	0	0.013140403	0.001989968	0	d__Bacteria;p__Proteobacteria;c__Gammaproteobacteria;o__Burkholderiales;__
d__Bacteria;p__Calditrichota;c__Calditrichia;o__Calditrichales;f__Calditrichaceae	0	0.002761019	0.001175146	0.00278607	Calditrichaceae
d__Bacteria;p__MBNT15;c__MBNT15;o__MBNT15;f__MBNT15	0	0.00061356	0.001171051	0.012139303	MBNT15
d__Bacteria;p__Actinobacteriota;c__Acidimicrobiia;o__Microtrichales;f__Ilumatobacteraceae	0	0	0.000454499	0	Ilumatobacteraceae
d__Archaea;p__Asgardarchaeota;c__Odinarchaeia;o__Odinarchaeia;f__Odinarchaeia	0	0.000971469	0.000511823	0	Odinarchaeia
d__Bacteria;p__Proteobacteria;c__Alphaproteobacteria;o__Sphingomonadales;f__Sphingomonadaceae	0	0	0.005220596	0	Sphingomonadaceae
d__Bacteria;p__Latescibacterota;c__Latescibacterota;o__Latescibacterota;f__Latescibacterota	0	0.002249719	0.005359812	0.014925373	Latescibacterota
d__Bacteria;p__Chloroflexi;c__AD3;o__AD3;f__AD3	0.018403116	0	0	0	AD3
d__Bacteria;p__Firmicutes;c__Bacilli;o__Erysipelotrichales;f__Erysipelotrichaceae	0	0	0.000241581	0	Erysipelotrichaceae
d__Bacteria;p__Actinobacteriota;c__Actinobacteria;o__Corynebacteriales;f__Mycobacteriaceae	0	0.00061356	0.00029481	0	Mycobacteriaceae
d__Bacteria;p__Proteobacteria;c__Gammaproteobacteria;o__R7C24;f__R7C24	0	0	0.000663323	0	R7C24
d__Bacteria;p__Firmicutes;c__Negativicutes;o__Veillonellales-Selenomonadales;f__Sporomusaceae	0	0	0.000278432	0	Sporomusaceae
d__Bacteria;p__Desulfobacterota;c__Desulfobulbia;o__Desulfobulbales;f__Desulfocapsaceae	0	0.004397178	0.006588187	0	Desulfocapsaceae
d__Bacteria;p__Chloroflexi;c__Dehalococcoidia;o__GIF3;f__GIF3	0	0.001840679	0.00177705	0	GIF3
d__Bacteria;p__Actinobacteriota;c__Thermoleophilia;o__Solirubrobacterales;f__Solirubrobacteraceae	0.000292113	0	0.000274337	0	Solirubrobacteraceae
d__Bacteria;p__Firmicutes;c__Clostridia;o__Peptostreptococcales-Tissierellales;f__Acidaminobacteraceae	0	0	0.000827106	0	Acidaminobacteraceae
d__Bacteria;p__Chloroflexi;c__Dehalococcoidia;o__GIF9;f__GIF9	0	0	0.000577336	0	GIF9
d__Bacteria;p__Acidobacteriota;c__Subgroup_11;o__Subgroup_11;f__Subgroup_11	0	0	0.000814822	0.010149254	Subgroup_11
d__Archaea;p__Thermoplasmatota;c__Thermoplasmata;o__uncultured;f__uncultured	0.039824732	0	9.83E-05	0	d__Archaea;p__Thermoplasmatota;c__Thermoplasmata;o__uncultured;f__uncultured
d__Bacteria;p__Verrucomicrobiota;c__Omnitrophia;o__Omnitrophales;f__Omnitrophaceae	0	0.004141528	0.005978094	0.004179104	Omnitrophaceae
d__Bacteria;p__Bacteroidota;c__Bacteroidia;o__Bacteroidales;f__Bacteroidetes_BD2-2	0	0.005573167	0.004667827	0.00278607	Bacteroidetes_BD2-2
d__Bacteria;p__Actinobacteriota;c__RBG-16-55-12;o__RBG-16-55-12;f__RBG-16-55-12	0	0	0.000458594	0	RBG-16-55-12
d__Bacteria;p__Proteobacteria;c__Gammaproteobacteria;o__Burkholderiales;f__TRA3-20	0	0.001482769	0.000847579	0.007562189	TRA3-20
d__Bacteria;p__NB1-j;c__NB1-j;o__NB1-j;f__NB1-j	0	0	0.00074112	0.002985075	NB1-j
d__Bacteria;p__Actinobacteriota;c__MB-A2-108;o__MB-A2-108;f__MB-A2-108	0	0	0.000388986	0	MB-A2-108
d__Bacteria;p__Spirochaetota;c__Leptospirae;o__Leptospirales;f__Leptospiraceae	0	0.001227119	0.002776129	0.004179104	Leptospiraceae
d__Bacteria;p__Firmicutes;c__Limnochordia;o__Limnochordia;f__Limnochordia	0	0.00046017	0.000921282	0	Limnochordia
d__Bacteria;p__Zixibacteria;c__Zixibacteria;o__Zixibacteria;f__Zixibacteria	0	0.00071582	0.002903061	0.002985075	Zixibacteria
d__Bacteria;p__Actinobacteriota;c__Acidimicrobiia;o__Microtrichales;f__uncultured	0	0	0.000282526	0	d__Bacteria;p__Actinobacteriota;c__Acidimicrobiia;o__Microtrichales;f__uncultured
d__Archaea;p__Thermoplasmatota;c__Thermoplasmata;o__Thermoplasmatales;f__Thermoplasmataceae	0.01382668	0	0	0	Thermoplasmataceae
d__Bacteria;p__Proteobacteria;c__Gammaproteobacteria;o__Burkholderiales;f__Nitrosomonadaceae	0.000584226	0.003681358	0.003934896	0.005174129	Nitrosomonadaceae
d__Bacteria;p__Verrucomicrobiota;c__Verrucomicrobiae;o__Pedosphaerales;f__Pedosphaeraceae	0	0.008692095	0.011509878	0.038606965	Pedosphaeraceae
d__Bacteria;p__Methylomirabilota;c__Methylomirabilia;o__Methylomirabilales;f__Methylomirabilaceae	0	0	0.003058655	0	Methylomirabilaceae
d__Bacteria;p__Actinobacteriota;c__Actinobacteria;o__Frankiales;f__Frankiales	0	0	0.000282526	0	Frankiales
d__Bacteria;p__Planctomycetota;c__Phycisphaerae;o__Tepidisphaerales;f__CPla-3_termite_group	0.013047712	0	0	0	CPla-3_termite_group
d__Bacteria;p__Actinobacteriota;c__Acidimicrobiia;o__Actinomarinales;f__uncultured	0	0	9.42E-05	0	d__Bacteria;p__Actinobacteriota;c__Acidimicrobiia;o__Actinomarinales;f__uncultured
d__Bacteria;p__Desulfobacterota;c__Desulfuromonadia;o__Desulfuromonadia;f__Geothermobacteraceae	0	0.002914408	0.000921282	0	Geothermobacteraceae
d__Bacteria;p__SAR324_clade(Marine_group_B);c__SAR324_clade(Marine_group_B);o__SAR324_clade(Marine_group_B);f__SAR324_clade(Marine_group_B)	0	0.001278249	0.001478145	0.012338308	SAR324_clade(Marine_group_B)
d__Bacteria;p__Chloroflexi;c__Anaerolineae;o__ADurb.Bin180;f__ADurb.Bin180	0	0	0.000528201	0	ADurb.Bin180
d__Bacteria;p__Actinobacteriota;c__Thermoleophilia;o__Gaiellales;f__Gaiellaceae	0	0	0.000434026	0	Gaiellaceae
d__Bacteria;p__Proteobacteria;c__Alphaproteobacteria;o__Rhizobiales;f__Beijerinckiaceae	0	0	0.000651039	0.004378109	Beijerinckiaceae
d__Bacteria;p__Actinobacteriota;c__Acidimicrobiia;o__IMCC26256;f__IMCC26256	0.009152872	0	0	0	IMCC26256
d__Bacteria;p__Fusobacteriota;c__Fusobacteriia;o__Fusobacteriales;f__Leptotrichiaceae	0	0.00020452	0.012807862	0.000995025	Leptotrichiaceae
d__Bacteria;p__Desulfobacterota;c__Desulfuromonadia;o__Desulfuromonadia;f__Desulfuromonadaceae	0	0	0.000626471	0	Desulfuromonadaceae
d__Archaea;p__Crenarchaeota;c__Bathyarchaeia;o__Bathyarchaeia;f__Bathyarchaeia	0	0	0.000180162	0	Bathyarchaeia
d__Bacteria;p__Acidobacteriota;c__Subgroup_18;o__Subgroup_18;f__Subgroup_18	0	0.001687289	0.00138397	0.014328358	Subgroup_18
d__Bacteria;p__Acidobacteriota;c__Holophagae;o__Subgroup_7;f__Subgroup_7	0	0.00025565	0.000876241	0	Subgroup_7
d__Bacteria;p__Firmicutes;c__Clostridia;o__Christensenellales;f__Christensenellaceae	0	0	0.00078616	0	Christensenellaceae
d__Bacteria;p__Bacteroidota;c__Bacteroidia;o__Flavobacteriales;f__Weeksellaceae	0	0	2.05E-05	0	Weeksellaceae
d__Bacteria;p__Desulfobacterota;c__Desulfomonilia;o__Desulfomonilales;f__Desulfomonilaceae	0	0.001942939	0.000761593	0	Desulfomonilaceae
d__Bacteria;p__Planctomycetota;c__Planctomycetes;o__Pirellulales;f__Pirellulaceae	0	0.004294918	0.003676937	0	Pirellulaceae
d__Bacteria;p__Desulfobacterota;c__Desulfobulbia;o__Desulfobulbales;f__Desulfurivibrionaceae	0	0.004448308	0.002731088	0	Desulfurivibrionaceae
d__Bacteria;p__Caldisericota;c__Caldisericia;o__Caldisericales;f__WCHB1-02	0	0	0.000384891	0	WCHB1-02
d__Bacteria;p__Fibrobacterota;c__Fibrobacteria;o__Fibrobacterales;f__Fibrobacteraceae	0	0	0.00103593	0	Fibrobacteraceae
d__Bacteria;p__Actinobacteriota;c__Actinobacteria;o__Frankiales;f__Sporichthyaceae	0	0.000971469	0.000610093	0	Sporichthyaceae
d__Bacteria;p__Bacteroidota;c__Bacteroidia;o__Cytophagales;f__Cyclobacteriaceae	0	0.00071582	0.000290716	0	Cyclobacteriaceae
d__Bacteria;p__Proteobacteria;c__Gammaproteobacteria;o__Acidiferrobacterales;f__Acidiferrobacteraceae	0	0.006186727	0.000921282	0	Acidiferrobacteraceae
d__Bacteria;p__Firmicutes;c__Clostridia;o__Lachnospirales;f__Lachnospiraceae	0	0	0.000163783	0	Lachnospiraceae
d__Bacteria;p__Proteobacteria;c__Gammaproteobacteria;o__Aeromonadales;f__Aeromonadaceae	0	0.001840679	0.004192855	0	Aeromonadaceae
d__Bacteria;p__Firmicutes;__;__;__	0.018597858	0	0.000560958	0	d__Bacteria;p__Firmicutes;__;__;__
d__Bacteria;p__Cloacimonadota;c__Cloacimonadia;o__Cloacimonadales;f__PBS-18	0	0.00046017	0.000454499	0	PBS-18
d__Bacteria;p__Acidobacteriota;c__Vicinamibacteria;o__Subgroup_17;f__Subgroup_17	0	0.000971469	0.002767939	0	Subgroup_17
d__Bacteria;p__Bacteroidota;c__Bacteroidia;o__Cytophagales;f__Microscillaceae	0	0.0005113	0.00152728	0	Microscillaceae
d__Bacteria;p__Bacteroidota;c__Bacteroidia;__;__	0	0	0.002030914	0	d__Bacteria;p__Bacteroidota;c__Bacteroidia;__;__
d__Bacteria;p__Myxococcota;c__Polyangia;o__Polyangiales;f__BIrii41	0	0.003170058	0.001887604	0.006368159	BIrii41
d__Bacteria;p__Firmicutes;c__Clostridia;o__Peptostreptococcales-Tissierellales;f__Peptostreptococcales-Tissierellales	0	0	0.000278432	0	Peptostreptococcales-Tissierellales
d__Bacteria;p__Verrucomicrobiota;c__Verrucomicrobiae;o__Verrucomicrobiales;f__Verrucomicrobiaceae	0	0	0.000728836	0	Verrucomicrobiaceae
d__Bacteria;p__Bacteroidota;c__Bacteroidia;o__Sphingobacteriales;f__Sphingobacteriaceae	0	0	0.00044631	0	Sphingobacteriaceae
d__Bacteria;p__Proteobacteria;c__Alphaproteobacteria;o__Rhizobiales;f__Kaistiaceae	0	0	9.42E-05	0	Kaistiaceae
d__Bacteria;p__Chloroflexi;c__Anaerolineae;o__SJA-15;f__SJA-15	0	0.002556499	0.001519091	0	SJA-15
d__Bacteria;p__Firmicutes;c__Bacilli;o__Izemoplasmatales;f__Izemoplasmataceae	0	0	0.00167878	0	Izemoplasmataceae
d__Bacteria;p__Verrucomicrobiota;c__Verrucomicrobiae;o__Chthoniobacterales;f__Xiphinematobacteraceae	0	0	0.000180162	0	Xiphinematobacteraceae
d__Bacteria;p__Gemmatimonadota;c__Gemmatimonadetes;o__Gemmatimonadales;f__Gemmatimonadaceae	0	0	0.002182414	0.004577114	Gemmatimonadaceae
d__Bacteria;p__Myxococcota;c__Myxococcia;o__Myxococcales;f__Myxococcaceae	0	0.00056243	0.001117822	0.004776119	Myxococcaceae
d__Archaea;p__Euryarchaeota;c__Thermococci;o__Methanofastidiosales;f__uncultured	0	0	0.000343945	0	d__Archaea;p__Euryarchaeota;c__Thermococci;o__Methanofastidiosales;f__uncultured
d__Archaea;p__Halobacterota;c__Methanosarcinia;o__Methanosarciniales;f__Methanosaetaceae	0	0	0.00064285	0.00159204	Methanosaetaceae
d__Bacteria;p__Proteobacteria;c__Alphaproteobacteria;o__Rhizobiales;f__Rhizobiaceae	0	0	0.001273416	0	Rhizobiaceae
d__Bacteria;p__Actinobacteriota;c__Coriobacteriia;o__FS118-23B-02;f__FS118-23B-02	0	0	0.000131027	0	FS118-23B-02
d__Bacteria;p__Proteobacteria;c__Gammaproteobacteria;o__Burkholderiales;f__Oxalobacteraceae	0	0	0.001273416	0	Oxalobacteraceae
d__Bacteria;p__Nitrospirota;c__Nitrospiria;o__Nitrospirales;f__Nitrospiraceae	0	0.001278249	0.000737025	0	Nitrospiraceae
d__Bacteria;p__Cyanobacteria;c__Cyanobacteriia;o__Cyanobacteriales;f__Phormidiaceae	0	0.00076695	0.000904903	0.008955224	Phormidiaceae
d__Bacteria;p__Myxococcota;c__Polyangia;o__Polyangiales;f__Sandaracinaceae	0	0.001329379	0.001908077	0	Sandaracinaceae
d__Bacteria;p__Chloroflexi;c__Anaerolineae;o__SBR1031;f__SBR1031	0	0.002249719	0.001662401	0.010746269	SBR1031
d__Bacteria;p__Chloroflexi;c__Dehalococcoidia;o__MSBL5;f__MSBL5	0	0.00071582	0.000859863	0.00278607	MSBL5
d__Bacteria;p__Cyanobacteria;c__Cyanobacteriia;o__Gloeobacterales;f__Gloeobacteraceae	0	0	0	0.014129353	Gloeobacteraceae
d__Bacteria;p__Proteobacteria;c__Gammaproteobacteria;o__1013-28-CG33;f__1013-28-CG33	0	0.003016668	0.000474972	0	1013-28-CG33
d__Bacteria;p__TA06;c__TA06;o__TA06;f__TA06	0	0.001329379	0.000925376	0.00119403	TA06
d__Bacteria;p__Chloroflexi;c__Anaerolineae;o__1-20;f__1-20	0	0.001278249	0.000663323	0	1-20
d__Bacteria;p__Acidobacteriota;c__Blastocatellia;o__Blastocatellales;f__Blastocatellaceae	0	0	0.000859863	0	Blastocatellaceae
d__Bacteria;p__Bacteroidota;c__Bacteroidia;o__Chitinophagales;f__Saprospiraceae	0	0.001687289	0.002698331	0	Saprospiraceae
d__Bacteria;p__Bacteroidota;c__Bacteroidia;o__Bacteroidales;f__Marinifilaceae	0	0	0.002075955	0	Marinifilaceae
d__Bacteria;p__Bacteroidota;c__Bacteroidia;o__Bacteroidales;f__Marinilabiliaceae	0	0.00040904	0.002522264	0	Marinilabiliaceae
d__Bacteria;p__Proteobacteria;c__Gammaproteobacteria;o__CCD24;f__CCD24	0	0	0.000364418	0	CCD24
d__Bacteria;p__Actinobacteriota;c__Acidimicrobiia;o__Microtrichales;f__Microtrichaceae	0	0	0.000253864	0	Microtrichaceae
d__Bacteria;p__Proteobacteria;c__Gammaproteobacteria;o__Nitrosococcales;f__Nitrosococcaceae	0	0.00071582	0.000233391	0	Nitrosococcaceae
d__Bacteria;p__Elusimicrobiota;c__Endomicrobia;o__Endomicrobiales;f__Endomicrobiaceae	0	0.00030678	0.00074112	0.002189055	Endomicrobiaceae
d__Bacteria;p__Proteobacteria;c__Alphaproteobacteria;o__Rhizobiales;f__Xanthobacteraceae	0	0	0.001068687	0.025671642	Xanthobacteraceae
d__Bacteria;p__Desulfobacterota;c__Desulfuromonadia;o__MA-28-I98C;f__MA-28-I98C	0	0	0.000462688	0	MA-28-I98C
d__Bacteria;p__LCP-89;c__LCP-89;o__LCP-89;f__LCP-89	0	0.00071582	0.003595046	0.00278607	LCP-89
d__Bacteria;p__Proteobacteria;c__Alphaproteobacteria;o__Caulobacterales;f__Hyphomonadaceae	0	0	0.000896714	0	Hyphomonadaceae
d__Bacteria;p__Chloroflexi;c__Anaerolineae;o__SBR1031;__	0	0.00071582	0.00029481	0.017910448	d__Bacteria;p__Chloroflexi;c__Anaerolineae;o__SBR1031;__
d__Bacteria;p__Firmicutes;c__Clostridia;o__Peptostreptococcales-Tissierellales;f__Anaerovoracaceae	0	0	0.000499539	0	Anaerovoracaceae
d__Bacteria;p__Patescibacteria;c__Berkelbacteria;o__Berkelbacteria;f__Berkelbacteria	0	0	0.00014331	0	Berkelbacteria
d__Bacteria;p__Bacteroidota;c__Bacteroidia;o__Bacteroidales;f__Williamwhitmaniaceae	0	0.001329379	0.00197359	0	Williamwhitmaniaceae
d__Bacteria;p__Chloroflexi;c__Dehalococcoidia;__;__	0	0	0.000401269	0	d__Bacteria;p__Chloroflexi;c__Dehalococcoidia;__;__
d__Bacteria;p__Planctomycetota;c__Phycisphaerae;o__MSBL9;f__MSBL9	0	0.001022599	0.000532296	0	MSBL9
d__Bacteria;p__Proteobacteria;c__Gammaproteobacteria;o__PLTA13;f__PLTA13	0	0	0.000327567	0.00119403	PLTA13
d__Bacteria;p__Verrucomicrobiota;c__Chlamydiae;o__Chlamydiales;f__Parachlamydiaceae	0	0	0.000212918	0	Parachlamydiaceae
d__Bacteria;p__Actinobacteriota;c__Actinobacteria;o__Frankiales;f__Acidothermaceae	0.003700097	0	0	0	Acidothermaceae
d__Bacteria;p__Actinobacteriota;c__WCHB1-81;o__WCHB1-81;f__WCHB1-81	0	0	0.000139216	0	WCHB1-81
d__Bacteria;p__Cyanobacteria;c__Cyanobacteriia;o__Cyanobacteriales;f__Nostocaceae	0	0.000971469	0.000560958	0	Nostocaceae
d__Bacteria;p__Chloroflexi;c__Ktedonobacteria;o__Ktedonobacterales;f__Ktedonobacteraceae	0.016358325	0	0	0	Ktedonobacteraceae
d__Bacteria;p__Firmicutes;c__Syntrophomonadia;o__Syntrophomonadales;f__Syntrophomonadaceae	0	0	0.000225202	0	Syntrophomonadaceae
d__Bacteria;p__Acidobacteriota;c__Acidobacteriae;o__Acidobacteriae;f__Acidobacteriae	0	0.001891809	0.000851674	0.004378109	Acidobacteriae
d__Bacteria;p__Proteobacteria;c__Alphaproteobacteria;o__Rhizobiales;f__Devosiaceae	0	0	0.000266148	0	Devosiaceae
d__Bacteria;p__Bacteroidota;c__SJA-28;o__SJA-28;f__SJA-28	0	0.002403109	0.001252943	0.00039801	SJA-28
d__Bacteria;p__Bacteroidota;c__Bacteroidia;o__Cytophagales;f__Spirosomaceae	0	0	0.000732931	0	Spirosomaceae
d__Bacteria;p__Bacteroidota;c__Bacteroidia;o__Sphingobacteriales;f__S15A-MN91	0	0.00035791	0.000765687	0	S15A-MN91
d__Bacteria;p__Verrucomicrobiota;c__Verrucomicrobiae;o__LD1-PB3;f__LD1-PB3	0	0	0.001175146	0	LD1-PB3
d__Bacteria;p__Planctomycetota;c__OM190;o__OM190;f__OM190	0	0	0.00034804	0	OM190
d__Bacteria;p__Desulfobacterota;c__Desulfobulbia;o__Desulfobulbales;f__uncultured	0	0.003016668	0.000503634	0	d__Bacteria;p__Desulfobacterota;c__Desulfobulbia;o__Desulfobulbales;f__uncultured
d__Bacteria;p__Myxococcota;c__Polyangia;o__Polyangiales;f__Polyangiaceae	0	0	0.000233391	0	Polyangiaceae
d__Bacteria;p__Bacteroidota;c__Bacteroidia;o__Bacteroidales;f__Ika33	0	0	0.000618282	0	Ika33
d__Bacteria;p__Chloroflexi;c__Dehalococcoidia;o__vadinBA26;f__vadinBA26	0	0	0.000176067	0	vadinBA26
d__Bacteria;p__Proteobacteria;c__Gammaproteobacteria;o__Burkholderiales;f__Burkholderiaceae	0	0.00025565	0.000499539	0	Burkholderiaceae
d__Bacteria;p__Firmicutes;c__Clostridia;o__Peptostreptococcales-Tissierellales;f__Peptostreptococcaceae	0	0.00025565	0.000122838	0	Peptostreptococcaceae
d__Bacteria;p__Verrucomicrobiota;c__Verrucomicrobiae;o__Opitutales;f__Opitutaceae	0	0	0.002063671	0.005771144	Opitutaceae
d__Bacteria;p__Patescibacteria;c__Saccharimonadia;o__Saccharimonadales;f__Saccharimonadales	0	0	0.000266148	0	Saccharimonadales
d__Bacteria;p__Proteobacteria;c__Gammaproteobacteria;o__CCM19a;f__CCM19a	0	0	0.000270243	0	CCM19a
d__Bacteria;p__Firmicutes;c__Clostridia;o__Peptostreptococcales-Tissierellales;f__Fusibacteraceae	0	0	0.001085065	0	Fusibacteraceae
d__Bacteria;p__Proteobacteria;c__Gammaproteobacteria;o__Acidithiobacillales;f__Acidithiobacillaceae	0.012560857	0	0	0	Acidithiobacillaceae
d__Bacteria;p__CK-2C2-2;c__CK-2C2-2;o__CK-2C2-2;f__CK-2C2-2	0	0	0.000102365	0	CK-2C2-2
d__Bacteria;p__Acidobacteriota;c__Acidobacteriae;o__Acidobacteriales;f__uncultured	0	0	0	0.025671642	d__Bacteria;p__Acidobacteriota;c__Acidobacteriae;o__Acidobacteriales;f__uncultured
d__Bacteria;p__Bacteroidota;c__Bacteroidia;o__Flavobacteriales;f__NS9_marine_group	0	0	0.000384891	0	NS9_marine_group
d__Archaea;p__Nanoarchaeota;c__Nanoarchaeia;o__Woesearchaeales;f__Woesearchaeales	0	0	0.001510902	0	Woesearchaeales
d__Bacteria;p__Patescibacteria;c__CPR2;o__CPR2;f__CPR2	0	0	0.000176067	0	CPR2
d__Bacteria;p__Chloroflexi;c__Anaerolineae;o__Caldilineales;f__Caldilineaceae	0	0.001278249	0.000573242	0	Caldilineaceae
d__Bacteria;p__Acidobacteriota;c__Acidobacteriae;o__Subgroup_2;f__Subgroup_2	0	0	2.46E-05	0.026069652	Subgroup_2
d__Bacteria;p__Bacteroidota;c__Bacteroidia;o__Bacteroidales;f__FTLpost3	0	0	0.000458594	0	FTLpost3
d__Bacteria;__;__;__;__	0.001363194	0.0005113	0.002043198	0.004577114	d__Bacteria;__;__;__;__
d__Bacteria;p__Actinobacteriota;c__Actinobacteria;o__Micrococcales;f__Demequinaceae	0	0	9.42E-05	0	Demequinaceae
d__Bacteria;p__Actinobacteriota;c__Acidimicrobiia;o__Acidimicrobiales;f__Acidimicrobiaceae	0.014021422	0	0	0	Acidimicrobiaceae
d__Bacteria;p__WPS-2;c__WPS-2;o__WPS-2;f__WPS-2	0.002823759	0	0	0	WPS-2
d__Bacteria;p__Bacteroidota;c__Bacteroidia;o__Sphingobacteriales;f__env.OPS_17	0	0	0.000994984	0	env.OPS_17
d__Bacteria;p__Edwardsbacteria;c__Edwardsbacteria;o__Edwardsbacteria;f__Edwardsbacteria	0	0	9.83E-05	0	Edwardsbacteria
d__Bacteria;p__Verrucomicrobiota;c__Chlamydiae;o__Chlamydiales;f__Simkaniaceae	0.000778968	0	0.000114648	0	Simkaniaceae
d__Bacteria;p__Myxococcota;c__Polyangia;o__Haliangiales;f__Haliangiaceae	0	0.000971469	0.001224281	0.006169154	Haliangiaceae
d__Bacteria;p__Planctomycetota;c__Planctomycetes;o__Gemmatales;f__Gemmataceae	0.00691334	0	0	0	Gemmataceae
d__Bacteria;p__Actinobacteriota;c__Actinobacteria;o__Kineosporiales;f__Kineosporiaceae	0	0	0.000176067	0	Kineosporiaceae
d__Bacteria;p__Firmicutes;c__Incertae_Sedis;o__DTU014;f__DTU014	0	0	9.83E-05	0	DTU014
d__Bacteria;p__Acidobacteriota;c__Acidobacteriae;o__Solibacterales;f__Solibacteraceae	0	0	0.000442215	0.018507463	Solibacteraceae
d__Bacteria;p__Firmicutes;c__Clostridia;o__Oscillospirales;f__[Eubacterium]_coprostanoligenes_group	0	0	0.00034804	0	[Eubacterium]_coprostanoligenes_group
d__Bacteria;p__Chloroflexi;c__Dehalococcoidia;o__RBG-13-46-9;f__RBG-13-46-9	0	0	0.000135121	0.002189055	RBG-13-46-9
d__Bacteria;p__Nitrospirota;c__4-29-1;o__4-29-1;f__4-29-1	0	0.002249719	0.000200635	0.011542289	4-29-1
d__Bacteria;p__Actinobacteriota;c__Thermoleophilia;o__Solirubrobacterales;f__67-14	0	0.00015339	0.000184256	0	67-14
d__Archaea;p__Thermoplasmatota;c__Thermoplasmata;o__SG8-5;f__SG8-5	0	0	0.000131027	0	SG8-5
d__Bacteria;p__Acidobacteriota;c__Acidobacteriota;o__Acidobacteriota;f__Acidobacteriota	0	0	0.000364418	0	Acidobacteriota
d__Bacteria;p__Proteobacteria;c__Alphaproteobacteria;o__Rhizobiales;f__KF-JG30-B3	0	0	0.000192445	0	KF-JG30-B3
d__Bacteria;p__Hydrogenedentes;c__Hydrogenedentia;o__Hydrogenedentiales;f__Hydrogenedensaceae	0	0	0.00054458	0	Hydrogenedensaceae
d__Bacteria;p__Proteobacteria;c__Gammaproteobacteria;o__Thiotrichales;f__Thiotrichaceae	0	0.001329379	0.000401269	0	Thiotrichaceae
d__Bacteria;p__Desulfobacterota;c__Desulfobacteria;o__Desulfobacterales;f__uncultured	0	0	0.000106459	0	d__Bacteria;p__Desulfobacterota;c__Desulfobacteria;o__Desulfobacterales;f__uncultured
d__Bacteria;p__Cloacimonadota;c__Cloacimonadia;o__Cloacimonadales;f__Cloacimonadales	0	0.0005113	0.000487256	0	Cloacimonadales
d__Bacteria;p__Bacteroidota;c__Bacteroidia;o__Flavobacteriales;f__Cryomorphaceae	0	0.00035791	0.000298905	0	Cryomorphaceae
d__Bacteria;p__Actinobacteriota;c__Acidimicrobiia;o__uncultured;f__uncultured	0.005160662	0	0	0	d__Bacteria;p__Actinobacteriota;c__Acidimicrobiia;o__uncultured;f__uncultured
d__Bacteria;p__Cyanobacteria;c__Vampirivibrionia;o__Obscuribacterales;f__Obscuribacteraceae	0.007594937	0	6.14E-05	0	Obscuribacteraceae
d__Archaea;p__Nanoarchaeota;c__Nanoarchaeia;o__Woesearchaeales;f__SCGC_AAA011-D5	0	0	0.000565053	0	SCGC_AAA011-D5
d__Bacteria;p__Fusobacteriota;c__Fusobacteriia;o__Fusobacteriales;f__Fusobacteriaceae	0	0	0.000311188	0	Fusobacteriaceae
d__Bacteria;p__Planctomycetota;c__Phycisphaerae;o__MSBL9;f__GWC2-45-44	0	0.00020452	0.000110554	0	GWC2-45-44
d__Archaea;p__Nanoarchaeota;c__Nanoarchaeia;o__Woesearchaeales;f__CG1-02-57-44	0	0.00061356	0.0001515	0	CG1-02-57-44
d__Bacteria;p__Firmicutes;c__Clostridia;__;__	0	0	9.83E-05	0	d__Bacteria;p__Firmicutes;c__Clostridia;__;__
d__Bacteria;p__Planctomycetota;c__Phycisphaerae;o__Pla1_lineage;f__Pla1_lineage	0	0	0.00034804	0	Pla1_lineage
d__Bacteria;p__Firmicutes;c__Clostridia;o__Lachnospirales;f__Defluviitaleaceae	0	0	0.000483161	0	Defluviitaleaceae
d__Bacteria;p__Proteobacteria;c__Gammaproteobacteria;o__Coxiellales;f__Coxiellaceae	0	0.00076695	0.000663323	0	Coxiellaceae
d__Bacteria;p__Bacteroidota;c__Kapabacteria;o__Kapabacteriales;f__Kapabacteriales	0	0.0005113	0.000397175	0.002587065	Kapabacteriales
d__Bacteria;p__Bacteroidota;c__Bacteroidia;o__Bacteroidales;f__Barnesiellaceae	0	0	0.000356229	0	Barnesiellaceae
d__Bacteria;p__Proteobacteria;c__Alphaproteobacteria;o__Azospirillales;f__Azospirillaceae	0	0	7.37E-05	0	Azospirillaceae
d__Bacteria;p__Myxococcota;c__Polyangia;o__PS-B29;f__PS-B29	0	0	0.000372607	0	PS-B29
d__Bacteria;p__Proteobacteria;c__Gammaproteobacteria;o__Oceanospirillales;f__Halomonadaceae	0	0	0.000286621	0	Halomonadaceae
d__Bacteria;p__Planctomycetota;c__Pla3_lineage;o__Pla3_lineage;f__Pla3_lineage	0	0	0.000442215	0.00278607	Pla3_lineage
d__Bacteria;p__Verrucomicrobiota;c__Omnitrophia;o__Omnitrophales;f__Omnitrophales	0	0	0.000311188	0.00199005	Omnitrophales
d__Bacteria;p__Chloroflexi;c__Anaerolineae;o__RBG-13-54-9;f__RBG-13-54-9	0	0	0.001420821	0.006965174	RBG-13-54-9
d__Bacteria;p__Myxococcota;c__Polyangia;o__Nannocystales;f__Nannocystaceae	0	0	6.14E-05	0	Nannocystaceae
d__Bacteria;p__Proteobacteria;c__Gammaproteobacteria;o__Methylococcales;f__Methylococcaceae	0	0	5.73E-05	0	Methylococcaceae
d__Archaea;p__Nanoarchaeota;c__Nanoarchaeia;o__Woesearchaeales;f__GW2011_GWC1_47_15	0	0	0.000278432	0	GW2011_GWC1_47_15
d__Bacteria;p__Proteobacteria;c__Gammaproteobacteria;o__Halothiobacillales;f__Halothiobacillaceae	0	0	0.000245675	0	Halothiobacillaceae
d__Bacteria;p__Planctomycetota;c__Pla4_lineage;o__Pla4_lineage;f__Pla4_lineage	0	0	0.000466783	0	Pla4_lineage
d__Bacteria;p__Bacteroidota;c__Bacteroidia;o__Sphingobacteriales;f__NS11-12_marine_group	0	0	0.000716552	0	NS11-12_marine_group
d__Bacteria;p__Elusimicrobiota;c__Lineage_IIb;o__Lineage_IIb;f__Lineage_IIb	0	0.001022599	0.000356229	0.00278607	Lineage_IIb
d__Bacteria;p__Fibrobacterota;c__Fibrobacteria;o__Fibrobacterales;f__Fibrobacterales	0	0.00061356	0.000257959	0	Fibrobacterales
d__Bacteria;p__Myxococcota;c__Polyangia;o__MidBa8;f__MidBa8	0	0	0.000622377	0	MidBa8
d__Bacteria;p__Myxococcota;c__Polyangia;o__UASB-TL25;f__UASB-TL25	0	0.001533899	0.00064285	0	UASB-TL25
d__Bacteria;p__Bacteroidota;c__Bacteroidia;o__Bacteroidetes_VC2.1_Bac22;f__Bacteroidetes_VC2.1_Bac22	0	0	0.000405364	0	Bacteroidetes_VC2.1_Bac22
d__Bacteria;p__Bdellovibrionota;c__Bdellovibrionia;o__Bacteriovoracales;f__Bacteriovoracaceae	0	0.00035791	0.000245675	0	Bacteriovoracaceae
d__Bacteria;p__NKB15;c__NKB15;o__NKB15;f__NKB15	0	0	6.96E-05	0	NKB15
d__Bacteria;p__Bacteroidota;c__Bacteroidia;o__Bacteroidales;f__Dysgonomonadaceae	0	0	0.000397175	0	Dysgonomonadaceae
d__Bacteria;p__Planctomycetota;c__Phycisphaerae;o__MSBL9;f__SG8-4	0	0	0.000335756	0.005970149	SG8-4
d__Bacteria;p__Verrucomicrobiota;c__Verrucomicrobiae;o__Chthoniobacterales;f__Chthoniobacteraceae	0	0.00046017	0.000597809	0.006169154	Chthoniobacteraceae
d__Bacteria;p__Bacteroidota;c__Bacteroidia;o__Sphingobacteriales;__	0	0	0.000466783	0	d__Bacteria;p__Bacteroidota;c__Bacteroidia;o__Sphingobacteriales;__
d__Bacteria;p__Bacteroidota;c__Bacteroidia;o__Sphingobacteriales;f__Z4MB62	0	0	0.00014331	0	Z4MB62
d__Bacteria;p__Planctomycetota;c__Planctomycetes;o__Isosphaerales;f__Isosphaeraceae	0	0	3.69E-05	0	Isosphaeraceae
d__Bacteria;p__Myxococcota;c__Polyangia;o__VHS-B3-70;f__VHS-B3-70	0	0	0.000147405	0	VHS-B3-70
d__Archaea;p__Aenigmarchaeota;c__Deep_Sea_Euryarchaeotic_Group(DSEG);o__Deep_Sea_Euryarchaeotic_Group(DSEG);f__Deep_Sea_Euryarchaeotic_Group(DSEG)	0	0	0.000217013	0	Deep_Sea_Euryarchaeotic_Group(DSEG)
d__Bacteria;p__Myxococcota;c__bacteriap25;o__bacteriap25;f__bacteriap25	0	0.00030678	0.000266148	0.000995025	bacteriap25
d__Bacteria;p__Deferrisomatota;c__Defferrisomatia;o__Defferrisomatales;f__Defferrisomataceae	0	0.00092034	0.000429931	0	Defferrisomataceae
d__Bacteria;p__WOR-1;c__WOR-1;o__WOR-1;f__WOR-1	0	0	0.000233391	0	WOR-1
d__Bacteria;p__Fibrobacterota;c__Fibrobacteria;o__Fibrobacterales;f__B122	0	0	0.00068789	0.012338308	B122
d__Bacteria;p__Elusimicrobiota;c__Lineage_IIc;o__Lineage_IIc;f__Lineage_IIc	0	0	0.000221108	0	Lineage_IIc
d__Bacteria;p__Chloroflexi;c__Anaerolineae;__;__	0	0	0	0.003781095	d__Bacteria;p__Chloroflexi;c__Anaerolineae;__;__
d__Bacteria;p__Spirochaetota;c__Brevinematia;o__Brevinematales;f__Brevinemataceae	0	0	0.000413553	0	Brevinemataceae
d__Bacteria;p__Proteobacteria;c__Alphaproteobacteria;o__Micropepsales;f__Micropepsaceae	0.000778968	0.0005113	0.000102365	0	Micropepsaceae
d__Bacteria;p__Bacteroidota;c__Bacteroidia;o__Sphingobacteriales;f__uncultured	0	0	0.00019654	0	d__Bacteria;p__Bacteroidota;c__Bacteroidia;o__Sphingobacteriales;f__uncultured
d__Bacteria;p__Verrucomicrobiota;c__Verrucomicrobiae;o__S-BQ2-57_soil_group;f__S-BQ2-57_soil_group	0	0.00040904	0.000384891	0.00159204	S-BQ2-57_soil_group
d__Bacteria;p__Acidobacteriota;c__Acidobacteriae;o__Subgroup_13;f__Subgroup_13	0.004576436	0	4.50E-05	0	Subgroup_13
d__Bacteria;p__Caldatribacteriota;c__JS1;o__JS1;f__JS1	0	0	4.91E-05	0	JS1
d__Bacteria;p__Bacteroidota;c__Bacteroidia;o__Sphingobacteriales;f__ST-12K33	0	0	0.000188351	0	ST-12K33
d__Bacteria;p__Acidobacteriota;__;__;__	0	0	1.23E-05	0.00358209	d__Bacteria;p__Acidobacteriota;__;__;__
d__Bacteria;p__Desulfobacterota;c__Desulfobacteria;o__Desulfobacterales;f__Desulfococcaceae	0	0.00061356	0.000135121	0	Desulfococcaceae
d__Bacteria;p__Patescibacteria;c__Gracilibacteria;o__JGI_0000069-P22;f__JGI_0000069-P22	0	0	0.000474972	0	JGI_0000069-P22
d__Bacteria;p__RCP2-54;c__RCP2-54;o__RCP2-54;f__RCP2-54	0.002726388	0	0.000221108	0	RCP2-54
d__Bacteria;p__Actinobacteriota;c__Actinobacteria;o__Micrococcales;f__Intrasporangiaceae	0	0	0.000118743	0	Intrasporangiaceae
d__Bacteria;p__Proteobacteria;c__Alphaproteobacteria;o__Rhizobiales;f__A0839	0	0	0.000147405	0	A0839
d__Bacteria;p__Acetothermia;c__Acetothermiia;o__Acetothermiia;f__Acetothermiia	0	0	0.000118743	0	Acetothermiia
d__Bacteria;p__Proteobacteria;c__Alphaproteobacteria;o__Dongiales;f__Dongiaceae	0	0	0.000286621	0	Dongiaceae
d__Bacteria;p__Acidobacteriota;c__Acidobacteriae;o__Bryobacterales;f__Bryobacteraceae	0	0	0.000409458	0.001393035	Bryobacteraceae
d__Bacteria;p__Patescibacteria;c__Gracilibacteria;o__Gracilibacteria;f__Gracilibacteria	0	0	0.00058962	0	Gracilibacteria
d__Bacteria;p__Proteobacteria;c__Gammaproteobacteria;o__Burkholderiales;f__Chitinibacteraceae	0	0	0.000245675	0	Chitinibacteraceae
d__Bacteria;p__Bacteroidota;c__Ignavibacteria;o__Ignavibacteriales;f__SR-FBR-L83	0	0	0.000204729	0	SR-FBR-L83
d__Bacteria;p__Verrucomicrobiota;c__Lentisphaeria;o__Oligosphaerales;f__Lenti-02	0	0	0.000200635	0	Lenti-02
d__Bacteria;p__Actinobacteriota;c__Actinobacteria;o__Micrococcales;f__Dermatophilaceae	0	0	9.01E-05	0	Dermatophilaceae
d__Bacteria;p__Modulibacteria;c__Moduliflexia;o__Moduliflexales;f__Moduliflexaceae	0	0.00061356	0.000270243	0	Moduliflexaceae
d__Bacteria;p__Planctomycetota;c__Phycisphaerae;o__MSBL9;f__KCLunmb-38-53	0	0.00030678	0.000253864	0	KCLunmb-38-53
d__Bacteria;p__Bacteroidota;c__Bacteroidia;o__Bacteroidales;__	0	0	0.000503634	0.003781095	d__Bacteria;p__Bacteroidota;c__Bacteroidia;o__Bacteroidales;__
d__Bacteria;p__Patescibacteria;c__Microgenomatia;o__Candidatus_Woesebacteria;f__Candidatus_Woesebacteria	0	0.00010226	0.000122838	0	Candidatus_Woesebacteria
d__Bacteria;p__Planctomycetota;c__Planctomycetes;o__Planctomycetales;f__Rubinisphaeraceae	0	0	0.000155594	0	Rubinisphaeraceae
d__Bacteria;p__Proteobacteria;c__Alphaproteobacteria;o__Rickettsiales;f__Rickettsiaceae	0.001460565	0	3.69E-05	0	Rickettsiaceae
d__Bacteria;p__Bacteroidota;c__Bacteroidia;o__Sphingobacteriales;f__KD1-131	0	0	0.0001515	0	KD1-131
d__Bacteria;p__Spirochaetota;c__MVP-15;o__MVP-15;f__MVP-15	0	0.0005113	0.000323472	0	MVP-15
d__Bacteria;p__Bacteroidota;c__Bacteroidia;o__Flavobacteriales;f__Crocinitomicaceae	0	0.00071582	0.000163783	0	Crocinitomicaceae
d__Bacteria;p__Bacteroidota;c__Bacteroidia;o__Bacteroidales;f__Bacteroidaceae	0	0	6.14E-05	0	Bacteroidaceae
d__Bacteria;p__Actinobacteriota;c__Actinobacteria;o__Micrococcales;f__Cellulomonadaceae	0	0	0.000147405	0	Cellulomonadaceae
d__Bacteria;p__Myxococcota;c__Myxococcia;o__Myxococcales;__	0	0	0.000147405	0	d__Bacteria;p__Myxococcota;c__Myxococcia;o__Myxococcales;__
d__Bacteria;p__Chloroflexi;c__Dehalococcoidia;o__Dehalococcoidales;f__uncultured	0	0	0.000163783	0	d__Bacteria;p__Chloroflexi;c__Dehalococcoidia;o__Dehalococcoidales;f__uncultured
d__Bacteria;p__Elusimicrobiota;c__Elusimicrobia;o__Lineage_IV;f__Lineage_IV	0.003602726	0	0.000253864	0	Lineage_IV
d__Bacteria;p__FCPU426;c__FCPU426;o__FCPU426;f__FCPU426	0	0	0.000282526	0	FCPU426
d__Bacteria;p__Proteobacteria;c__Gammaproteobacteria;o__Alteromonadales;f__Alteromonadaceae	0	0	0.000212918	0	Alteromonadaceae
d__Bacteria;p__Chloroflexi;c__SHA-26;o__SHA-26;f__SHA-26	0	0	2.87E-05	0	SHA-26
d__Bacteria;p__Bacteroidota;c__Ignavibacteria;o__Ignavibacteriales;f__Melioribacteraceae	0	0	0.000106459	0	Melioribacteraceae
d__Bacteria;p__Chloroflexi;c__Anaerolineae;o__SBR1031;f__A4b	0	0	0.000483161	0	A4b
d__Bacteria;p__Myxococcota;c__Polyangia;o__Blfdi19;f__Blfdi19	0	0	0.000139216	0	Blfdi19
d__Bacteria;p__Myxococcota;__;__;__	0	0	9.01E-05	0	d__Bacteria;p__Myxococcota;__;__;__
d__Bacteria;p__Armatimonadota;c__Chthonomonadetes;o__Chthonomonadales;f__Chthonomonadales	0	0	0.000114648	0	Chthonomonadales
d__Bacteria;p__Bacteroidota;c__Bacteroidia;o__Sphingobacteriales;f__AKYH767	0	0	0.000184256	0	AKYH767
d__Bacteria;p__Bacteroidota;c__Bacteroidia;o__Bacteroidales;f__Rs-E47_termite_group	0	0	0.000163783	0	Rs-E47_termite_group
d__Bacteria;p__Myxococcota;c__Polyangia;o__Polyangiales;f__Phaselicystidaceae	0	0	0.000483161	0.006368159	Phaselicystidaceae
d__Bacteria;p__Firmicutes;c__TSAC18;o__TSAC18;f__TSAC18	0	0	4.91E-05	0	TSAC18
d__Bacteria;p__Bdellovibrionota;c__Oligoflexia;o__Oligoflexales;f__Oligoflexales	0	0	6.14E-05	0	Oligoflexales
d__Bacteria;p__Fibrobacterota;c__Chitinivibrionia;o__Chitinivibrionales;f__Chitinivibrionaceae	0	0	0.000167878	0	Chitinivibrionaceae
d__Bacteria;p__WS2;c__WS2;o__WS2;f__WS2	0	0	0.000262053	0.000995025	WS2
d__Bacteria;p__Bdellovibrionota;c__Oligoflexia;o__0319-6G20;f__0319-6G20	0.00097371	0.00020452	0.000147405	0	0319-6G20
d__Bacteria;p__Proteobacteria;c__Gammaproteobacteria;o__Steroidobacterales;f__Woeseiaceae	0	0	5.32E-05	0	Woeseiaceae
d__Bacteria;p__Chloroflexi;c__Dehalococcoidia;o__Sh765B-TzT-20;f__Sh765B-TzT-20	0	0	4.09E-05	0	Sh765B-TzT-20
d__Bacteria;p__Proteobacteria;c__Gammaproteobacteria;o__Burkholderiales;f__Neisseriaceae	0.004673807	0	0	0	Neisseriaceae
d__Bacteria;p__Chloroflexi;c__Anaerolineae;o__Ardenticatenales;f__uncultured	0	0	0.00019654	0	d__Bacteria;p__Chloroflexi;c__Anaerolineae;o__Ardenticatenales;f__uncultured
d__Bacteria;p__Proteobacteria;c__Alphaproteobacteria;o__Acetobacterales;f__Acetobacterales	0	0.00040904	8.60E-05	0	Acetobacterales
d__Bacteria;p__Myxococcota;c__Polyangia;o__Polyangiales;f__Eel-36e1D6	0	0	0.000118743	0.001791045	Eel-36e1D6
d__Bacteria;p__Armatimonadota;c__uncultured;o__uncultured;f__uncultured	0	0	0.000438121	0	d__Bacteria;p__Armatimonadota;c__uncultured;o__uncultured;f__uncultured
d__Bacteria;p__Dependentiae;c__Babeliae;o__Babeliales;f__Babeliales	0	0	0.000200635	0	Babeliales
d__Bacteria;p__Patescibacteria;c__Microgenomatia;o__Candidatus_Amesbacteria;f__Candidatus_Amesbacteria	0	0	0.000229297	0	Candidatus_Amesbacteria
d__Bacteria;p__Gemmatimonadota;c__MD2902-B12;o__MD2902-B12;f__MD2902-B12	0	0	4.91E-05	0	MD2902-B12
d__Bacteria;p__Proteobacteria;c__Alphaproteobacteria;o__Reyranellales;f__Reyranellaceae	0	0	0.000176067	0	Reyranellaceae
d__Bacteria;p__Firmicutes;c__Clostridia;o__Peptococcales;f__Peptococcaceae	0	0	9.01E-05	0	Peptococcaceae
d__Bacteria;p__Patescibacteria;c__Saccharimonadia;o__Saccharimonadales;f__LWQ8	0.002629017	0	0	0	LWQ8
d__Bacteria;p__Planctomycetota;c__Phycisphaerae;o__Tepidisphaerales;f__WD2101_soil_group	0	0	0.000274337	0.001393035	WD2101_soil_group
d__Bacteria;p__Patescibacteria;c__Parcubacteria;o__Candidatus_Moranbacteria;f__Candidatus_Moranbacteria	0	0	0.000176067	0	Candidatus_Moranbacteria
d__Bacteria;p__Proteobacteria;c__Gammaproteobacteria;o__Oceanospirillales;f__Pseudohongiellaceae	0	0	0.000106459	0	Pseudohongiellaceae
d__Bacteria;p__Chloroflexi;c__Dehalococcoidia;o__FW22;f__FW22	0	0	8.19E-05	0	FW22
d__Bacteria;p__Firmicutes;c__Clostridia;o__Lachnospirales;__	0	0	8.60E-05	0	d__Bacteria;p__Firmicutes;c__Clostridia;o__Lachnospirales;__
d__Bacteria;p__Proteobacteria;c__Alphaproteobacteria;o__Rickettsiales;f__Mitochondria	0.002142162	0	0.000208824	0	Mitochondria
d__Archaea;p__Halobacterota;c__Methanosarcinia;o__Methanosarciniales;f__Methanosarcinaceae	0	0	4.09E-05	0	Methanosarcinaceae
d__Bacteria;p__Actinobacteriota;c__Acidimicrobiia;__;__	0.002336904	0	0	0	d__Bacteria;p__Actinobacteriota;c__Acidimicrobiia;__;__
d__Bacteria;p__Armatimonadota;c__DG-56;o__DG-56;f__DG-56	0	0	7.78E-05	0	DG-56
d__Bacteria;p__Acidobacteriota;c__c5LKS83;o__c5LKS83;f__c5LKS83	0	0	5.73E-05	0	c5LKS83
d__Bacteria;p__Proteobacteria;c__Alphaproteobacteria;o__uncultured;f__uncultured	0	0	0.000131027	0	d__Bacteria;p__Proteobacteria;c__Alphaproteobacteria;o__uncultured;f__uncultured
d__Bacteria;p__Planctomycetota;c__Planctomycetes;o__Planctomycetales;f__uncultured	0	0	9.01E-05	0	d__Bacteria;p__Planctomycetota;c__Planctomycetes;o__Planctomycetales;f__uncultured
d__Bacteria;p__Acidobacteriota;c__Blastocatellia;o__DS-100;f__DS-100	0	0	8.19E-05	0	DS-100
d__Bacteria;p__Fibrobacterota;c__Fibrobacteria;o__Fibrobacterales;f__TG3	0	0	8.60E-05	0	TG3
d__Bacteria;p__Actinobacteriota;c__Actinobacteria;o__Propionibacteriales;f__Nocardioidaceae	0	0	8.60E-05	0	Nocardioidaceae
d__Bacteria;p__Firmicutes;c__Clostridia;o__Lachnospirales;f__uncultured	0	0	7.78E-05	0	d__Bacteria;p__Firmicutes;c__Clostridia;o__Lachnospirales;f__uncultured
d__Bacteria;p__Verrucomicrobiota;c__Chlamydiae;o__LD1-PA32;f__LD1-PA32	0	0	6.55E-05	0	LD1-PA32
d__Bacteria;p__Patescibacteria;c__Parcubacteria;o__Candidatus_Yanofskybacteria;f__Candidatus_Yanofskybacteria	0	0	8.19E-05	0	Candidatus_Yanofskybacteria
d__Bacteria;p__Proteobacteria;c__Gammaproteobacteria;__;__	0	0.00061356	0.000102365	0	d__Bacteria;p__Proteobacteria;c__Gammaproteobacteria;__;__
d__Bacteria;p__Cyanobacteria;c__Vampirivibrionia;o__Gastranaerophilales;f__Gastranaerophilales	0	0	6.14E-05	0	Gastranaerophilales
d__Bacteria;p__Myxococcota;c__Polyangia;o__mle1-27;f__mle1-27	0	0.00020452	0.000118743	0.00039801	mle1-27
d__Bacteria;p__Spirochaetota;c__V2072-189E03;o__V2072-189E03;f__V2072-189E03	0	0	0.000135121	0	V2072-189E03
d__Bacteria;p__Elusimicrobiota;c__Elusimicrobia;o__MVP-88;f__MVP-88	0	0	0.000167878	0	MVP-88
d__Bacteria;p__Verrucomicrobiota;c__Lentisphaeria;o__Victivallales;f__GWF2-44-16	0	0	7.37E-05	0	GWF2-44-16
d__Bacteria;p__Actinobacteriota;c__Actinobacteria;o__Micrococcales;f__Beutenbergiaceae	0	0	7.37E-05	0	Beutenbergiaceae
d__Bacteria;p__Firmicutes;c__Negativicutes;o__Veillonellales-Selenomonadales;__	0	0	7.37E-05	0	d__Bacteria;p__Firmicutes;c__Negativicutes;o__Veillonellales-Selenomonadales;__
d__Bacteria;p__Proteobacteria;c__Alphaproteobacteria;o__Rhodospirillales;f__uncultured	0	0	4.91E-05	0	d__Bacteria;p__Proteobacteria;c__Alphaproteobacteria;o__Rhodospirillales;f__uncultured
d__Bacteria;p__Patescibacteria;c__Gracilibacteria;o__Absconditabacteriales_(SR1);f__Absconditabacteriales_(SR1)	0	0	0.000135121	0	Absconditabacteriales_(SR1)
d__Bacteria;p__Planctomycetota;c__vadinHA49;o__vadinHA49;f__vadinHA49	0	0	0.000307094	0	vadinHA49
d__Bacteria;p__Bdellovibrionota;c__Bdellovibrionia;o__Bdellovibrionales;f__Bdellovibrionaceae	0	0	0.000118743	0	Bdellovibrionaceae
d__Bacteria;p__Chloroflexi;c__Anaerolineae;o__MSB-5E12;f__MSB-5E12	0	0	5.32E-05	0	MSB-5E12
d__Bacteria;p__Margulisbacteria;c__Margulisbacteria;o__Margulisbacteria;f__Margulisbacteria	0	0	0.000126932	0	Margulisbacteria
d__Bacteria;p__Cyanobacteria;c__Sericytochromatia;o__Sericytochromatia;f__Sericytochromatia	0	0	8.60E-05	0	Sericytochromatia
d__Bacteria;p__Proteobacteria;c__Alphaproteobacteria;o__Rhodospirillales;f__Rhodospirillaceae	0	0	6.55E-05	0	Rhodospirillaceae
d__Bacteria;p__Proteobacteria;c__Gammaproteobacteria;o__Ectothiorhodospirales;__	0	0	6.55E-05	0	d__Bacteria;p__Proteobacteria;c__Gammaproteobacteria;o__Ectothiorhodospirales;__
d__Bacteria;p__Planctomycetota;c__Phycisphaerae;o__mle1-8;f__mle1-8	0	0	6.14E-05	0.00238806	mle1-8
d__Bacteria;p__Dependentiae;c__Babeliae;o__Babeliales;f__Vermiphilaceae	0	0	0.000114648	0	Vermiphilaceae
d__Bacteria;p__Acidobacteriota;c__Subgroup_21;o__Subgroup_21;f__Subgroup_21	0	0	2.46E-05	0	Subgroup_21
d__Bacteria;p__Chloroflexi;c__Anaerolineae;o__uncultured;f__uncultured	0	0	0.000122838	0	d__Bacteria;p__Chloroflexi;c__Anaerolineae;o__uncultured;f__uncultured
d__Bacteria;p__Firestonebacteria;c__Firestonebacteria;o__Firestonebacteria;f__Firestonebacteria	0	0	6.14E-05	0	Firestonebacteria
d__Bacteria;p__Desulfobacterota;c__Desulfuromonadia;__;__	0	0	6.14E-05	0	d__Bacteria;p__Desulfobacterota;c__Desulfuromonadia;__;__
d__Bacteria;p__Bacteroidota;c__Bacteroidia;o__Bacteroidales;f__Bacteroidales_RF16_group	0	0	6.14E-05	0	Bacteroidales_RF16_group
d__Bacteria;p__Verrucomicrobiota;c__Lentisphaeria;o__Oligosphaerales;__	0	0.00046017	6.14E-05	0	d__Bacteria;p__Verrucomicrobiota;c__Lentisphaeria;o__Oligosphaerales;__
d__Bacteria;p__Proteobacteria;c__Gammaproteobacteria;o__Enterobacterales;f__Yersiniaceae	0	0	5.73E-05	0	Yersiniaceae
d__Bacteria;p__Bacteroidota;c__Bacteroidia;o__Bacteroidales;f__MgMjR-022	0	0	5.73E-05	0	MgMjR-022
d__Bacteria;p__Bacteroidota;c__Bacteroidia;o__Chitinophagales;f__37-13	0	0	9.01E-05	0	37-13
d__Bacteria;p__Chloroflexi;c__Chloroflexia;o__Thermomicrobiales;f__JG30-KF-CM45	0	0	5.32E-05	0	JG30-KF-CM45
d__Bacteria;p__Planctomycetota;c__BD7-11;o__BD7-11;f__BD7-11	0	0	5.32E-05	0	BD7-11
d__Bacteria;p__Myxococcota;c__Polyangia;o__VHS-B4-70;f__VHS-B4-70	0	0	5.32E-05	0	VHS-B4-70
d__Bacteria;p__Proteobacteria;c__Alphaproteobacteria;o__Rhizobiales;f__Pleomorphomonadaceae	0	0	5.32E-05	0	Pleomorphomonadaceae
d__Bacteria;p__Firmicutes;c__D8A-2;o__D8A-2;f__D8A-2	0.000778968	0	2.05E-05	0	D8A-2
d__Bacteria;p__Verrucomicrobiota;c__Verrucomicrobiae;o__B29;f__B29	0	0	4.91E-05	0	B29
d__Bacteria;p__PAUC34f;c__PAUC34f;o__PAUC34f;f__PAUC34f	0	0	6.96E-05	0	PAUC34f
d__Archaea;p__Nanoarchaeota;c__Nanoarchaeia;o__Woesearchaeales;__	0	0	4.91E-05	0	d__Archaea;p__Nanoarchaeota;c__Nanoarchaeia;o__Woesearchaeales;__
d__Bacteria;p__Proteobacteria;c__Gammaproteobacteria;o__Cellvibrionales;f__Porticoccaceae	0	0	4.91E-05	0	Porticoccaceae
d__Bacteria;p__Proteobacteria;c__Alphaproteobacteria;o__Thalassobaculales;f__uncultured	0	0	3.28E-05	0	d__Bacteria;p__Proteobacteria;c__Alphaproteobacteria;o__Thalassobaculales;f__uncultured
d__Bacteria;p__Caldisericota;c__Caldisericia;o__Caldisericales;f__LF045	0	0	2.05E-05	0	LF045
d__Bacteria;p__Patescibacteria;c__ABY1;o__Candidatus_Falkowbacteria;f__Candidatus_Falkowbacteria	0	0	4.50E-05	0	Candidatus_Falkowbacteria
d__Bacteria;p__Acidobacteriota;c__Subgroup_5;o__Subgroup_5;f__Subgroup_5	0	0	4.50E-05	0	Subgroup_5
d__Bacteria;p__Desulfobacterota;c__Desulfuromonadia;o__PB19;f__PB19	0	0	4.50E-05	0	PB19
d__Bacteria;p__Bacteroidota;c__Bacteroidia;o__Sphingobacteriales;f__ADurb.Bin408	0	0	2.87E-05	0	ADurb.Bin408
d__Bacteria;p__Planctomycetota;c__Phycisphaerae;o__Tepidisphaerales;f__Tepidisphaeraceae	0	0	4.09E-05	0	Tepidisphaeraceae
d__Bacteria;p__Planctomycetota;c__Phycisphaerae;o__Phycisphaerales;f__AKAU3564_sediment_group	0	0	6.55E-05	0	AKAU3564_sediment_group
d__Bacteria;p__Bdellovibrionota;c__Oligoflexia;o__Oligoflexales;f__uncultured	0	0	4.09E-05	0	d__Bacteria;p__Bdellovibrionota;c__Oligoflexia;o__Oligoflexales;f__uncultured
d__Bacteria;p__Proteobacteria;c__Gammaproteobacteria;o__Tenderiales;f__Tenderiaceae	0	0	4.09E-05	0	Tenderiaceae
d__Bacteria;p__Fibrobacterota;c__Fibrobacteria;o__Fibrobacterales;f__B5-096	0	0	4.09E-05	0	B5-096
d__Archaea;p__Nanoarchaeota;c__Nanoarchaeia;o__Woesearchaeales;f__GW2011	0	0	3.69E-05	0	GW2011
d__Bacteria;p__Patescibacteria;c__Parcubacteria;o__Candidatus_Nomurabacteria;f__Candidatus_Nomurabacteria	0	0	5.73E-05	0	Candidatus_Nomurabacteria
d__Bacteria;p__Elusimicrobiota;c__Rs-M47;o__Rs-M47;f__Rs-M47	0	0	5.73E-05	0	Rs-M47
d__Bacteria;p__Desulfobacterota;__;__;__	0	0	3.69E-05	0	d__Bacteria;p__Desulfobacterota;__;__;__
d__Bacteria;p__Campilobacterota;c__Campylobacteria;o__Campylobacterales;f__uncultured	0	0	3.69E-05	0	d__Bacteria;p__Campilobacterota;c__Campylobacteria;o__Campylobacterales;f__uncultured
d__Bacteria;p__Bacteroidota;c__Bacteroidia;o__Chitinophagales;f__uncultured	0	0	4.50E-05	0	d__Bacteria;p__Bacteroidota;c__Bacteroidia;o__Chitinophagales;f__uncultured
d__Archaea;p__Asgardarchaeota;c__Lokiarchaeia;o__Lokiarchaeia;f__Lokiarchaeia	0	0	0	0.001791045	Lokiarchaeia
d__Bacteria;p__Acidobacteriota;c__Acidobacteriae;o__Acidobacteriales;__	0	0	0	0.001791045	d__Bacteria;p__Acidobacteriota;c__Acidobacteriae;o__Acidobacteriales;__
d__Bacteria;p__Proteobacteria;c__Gammaproteobacteria;o__JG36-TzT-191;f__JG36-TzT-191	0	0	0	0.003383085	JG36-TzT-191
d__Bacteria;p__Planctomycetota;c__Phycisphaerae;o__DG-20;f__DG-20	0	0	3.28E-05	0	DG-20
d__Bacteria;p__Fibrobacterota;c__Chitinivibrionia;o__uncultured;f__uncultured	0	0	3.28E-05	0	d__Bacteria;p__Fibrobacterota;c__Chitinivibrionia;o__uncultured;f__uncultured
d__Bacteria;p__Proteobacteria;c__Alphaproteobacteria;o__Tistrellales;f__Geminicoccaceae	0	0	3.28E-05	0	Geminicoccaceae
d__Bacteria;p__Verrucomicrobiota;c__Verrucomicrobiae;o__Chthoniobacterales;f__Terrimicrobiaceae	0	0	3.28E-05	0	Terrimicrobiaceae
d__Bacteria;p__Firmicutes;c__Clostridia;o__Oscillospirales;f__UCG-010	0	0	3.28E-05	0	UCG-010
d__Bacteria;p__Bacteroidota;c__OC31;o__OC31;f__OC31	0	0	4.50E-05	0	OC31
d__Bacteria;p__Bacteroidota;c__Bacteroidia;o__Bacteroidales;f__M2PB4-65_termite_group	0	0	2.87E-05	0	M2PB4-65_termite_group
d__Archaea;p__Hadarchaeota;c__Hadarchaeia;o__Hadarchaeia;f__Hadarchaeales	0	0	2.87E-05	0	Hadarchaeales
d__Bacteria;p__Firmicutes;c__Moorellia;o__Desulfitibacterales;f__Desulfitibacteraceae	0	0	2.87E-05	0	Desulfitibacteraceae
d__Bacteria;p__Patescibacteria;c__Microgenomatia;o__Microgenomatia;f__Microgenomatia	0	0	2.87E-05	0	Microgenomatia
d__Bacteria;p__Sumerlaeota;c__Sumerlaeia;o__Sumerlaeales;f__Sumerlaeaceae	0	0	4.09E-05	0	Sumerlaeaceae
d__Bacteria;p__Verrucomicrobiota;c__Verrucomicrobiae;o__uncultured;f__uncultured	0	0	2.46E-05	0	d__Bacteria;p__Verrucomicrobiota;c__Verrucomicrobiae;o__uncultured;f__uncultured
d__Bacteria;p__Verrucomicrobiota;c__Lentisphaeria;o__Victivallales;f__vadinBE97	0	0	2.46E-05	0	vadinBE97
d__Archaea;__;__;__;__	0	0	4.50E-05	0	d__Archaea;__;__;__;__
d__Bacteria;p__Cyanobacteria;c__Cyanobacteriia;o__Cyanobacteriales;f__Chamaesiphonaceae	0	0	2.46E-05	0	Chamaesiphonaceae
d__Bacteria;p__Planctomycetota;c__Phycisphaerae;o__MSBL9;f__ST-NAGAB-D1	0	0	2.46E-05	0	ST-NAGAB-D1
d__Bacteria;p__Abditibacteriota;c__Abditibacteria;o__Abditibacteriales;f__Abditibacteriaceae	0	0	2.46E-05	0	Abditibacteriaceae
d__Bacteria;p__Verrucomicrobiota;c__Verrucomicrobiae;o__Verrucomicrobiales;f__DEV007	0	0	0	0.00119403	DEV007
d__Bacteria;p__Planctomycetota;c__Phycisphaerae;o__CCM11a;f__CCM11a	0	0.00025565	0	0	CCM11a
d__Bacteria;p__Bacteroidota;c__Bacteroidia;o__Bacteroidales;f__Rikenellaceae	0	0	2.05E-05	0	Rikenellaceae
d__Bacteria;p__Patescibacteria;c__Parcubacteria;o__Candidatus_Jorgensenbacteria;f__Candidatus_Jorgensenbacteria	0	0	4.09E-05	0	Candidatus_Jorgensenbacteria
d__Bacteria;p__Armatimonadota;c__Fimbriimonadia;o__Fimbriimonadales;f__Fimbriimonadaceae	0	0	2.05E-05	0	Fimbriimonadaceae
d__Bacteria;p__Verrucomicrobiota;c__Lentisphaeria;o__SS1-B-02-17;f__SS1-B-02-17	0	0	2.05E-05	0	SS1-B-02-17
d__Bacteria;p__Chloroflexi;c__Dehalococcoidia;o__FS117-23B-02;f__FS117-23B-02	0	0	2.05E-05	0	FS117-23B-02
d__Bacteria;p__Planctomycetota;__;__;__	0	0	3.69E-05	0	d__Bacteria;p__Planctomycetota;__;__;__
d__Bacteria;p__Planctomycetota;c__Phycisphaerae;o__MSBL9;f__SM23-30	0	0	2.05E-05	0	SM23-30
d__Bacteria;p__Chloroflexi;c__Dehalococcoidia;o__ER-E4-17;f__ER-E4-17	0	0	0	0.000995025	ER-E4-17
d__Bacteria;p__Patescibacteria;c__Gracilibacteria;__;__	0	0	1.64E-05	0	d__Bacteria;p__Patescibacteria;c__Gracilibacteria;__;__
d__Bacteria;p__Proteobacteria;c__Alphaproteobacteria;o__Micavibrionales;f__uncultured	0	0	1.64E-05	0	d__Bacteria;p__Proteobacteria;c__Alphaproteobacteria;o__Micavibrionales;f__uncultured
Unassigned;__;__;__;__	0	0	1.64E-05	0	Unassigned;__;__;__;__
d__Bacteria;p__Proteobacteria;c__Alphaproteobacteria;o__Paracaedibacterales;f__Paracaedibacteraceae	0	0	1.64E-05	0	Paracaedibacteraceae
d__Bacteria;p__Elusimicrobiota;c__Lineage_IIa;o__Lineage_IIa;f__Lineage_IIa	0	0	1.64E-05	0.00079602	Lineage_IIa
d__Bacteria;p__Patescibacteria;c__Parcubacteria;o__Candidatus_Zambryskibacteria;f__Candidatus_Zambryskibacteria	0	0	1.64E-05	0	Candidatus_Zambryskibacteria
d__Bacteria;p__Proteobacteria;c__Gammaproteobacteria;o__MBMPE27;f__MBMPE27	0	0	0	0.00079602	MBMPE27
d__Bacteria;p__Proteobacteria;c__Gammaproteobacteria;o__Chromatiales;f__Chromatiaceae	0	0.00015339	0	0	Chromatiaceae
d__Bacteria;p__Patescibacteria;c__Parcubacteria;o__Candidatus_Vogelbacteria;f__Candidatus_Vogelbacteria	0	0	1.23E-05	0	Candidatus_Vogelbacteria
d__Bacteria;p__Proteobacteria;c__Gammaproteobacteria;o__uncultured;f__uncultured	0	0	1.23E-05	0	d__Bacteria;p__Proteobacteria;c__Gammaproteobacteria;o__uncultured;f__uncultured
d__Bacteria;p__Bdellovibrionota;c__Oligoflexia;o__053A03-B-DI-P58;f__053A03-B-DI-P58	0	0	1.23E-05	0	053A03-B-DI-P58
d__Bacteria;p__Proteobacteria;c__Gammaproteobacteria;o__Legionellales;f__Legionellaceae	0	0	1.23E-05	0	Legionellaceae
d__Bacteria;p__Verrucomicrobiota;c__Verrucomicrobiae;o__Chthoniobacterales;f__uncultured	0	0	1.23E-05	0	d__Bacteria;p__Verrucomicrobiota;c__Verrucomicrobiae;o__Chthoniobacterales;f__uncultured
d__Bacteria;p__Sumerlaeota;c__Sumerlaeia;o__uncultured;f__uncultured	0	0	1.23E-05	0	d__Bacteria;p__Sumerlaeota;c__Sumerlaeia;o__uncultured;f__uncultured
d__Bacteria;p__Verrucomicrobiota;c__Verrucomicrobiae;o__Methylacidiphilales;f__Methylacidiphilaceae	0	0	1.23E-05	0	Methylacidiphilaceae
d__Bacteria;p__Firmicutes;c__Desulfitobacteriia;o__Desulfitobacteriales;f__Desulfitobacteriales	0	0	1.23E-05	0	Desulfitobacteriales
d__Bacteria;p__Acidobacteriota;c__Acidobacteriae;o__PAUC26f;f__PAUC26f	0	0	0	0.000597015	PAUC26f
d__Bacteria;p__Proteobacteria;c__Alphaproteobacteria;o__Holosporales;f__Holosporaceae	0	0	8.19E-06	0	Holosporaceae
d__Bacteria;p__Proteobacteria;__;__;__	0	0	8.19E-06	0	d__Bacteria;p__Proteobacteria;__;__;__
d__Bacteria;p__Elusimicrobiota;__;__;__	0	0	0	0.00039801	d__Bacteria;p__Elusimicrobiota;__;__;__
