# Constructed from biom file									
OTU_ID	BB	BP01	BP02	BP03	LB	MC1	MC2	N_ctrl	taxa
d__Bacteria;p__Proteobacteria;c__Gammaproteobacteria;o__Xanthomonadales;f__Rhodanobacteraceae	0.207949873	0.000739098	0.001998858	0.002884469	0.03030303	0	0	0	Rhodanobacteraceae
d__Bacteria;p__Proteobacteria;c__Alphaproteobacteria;o__Acetobacterales;f__Acetobacteraceae	0.143332681	0.000554324	0	0.002732655	0	0	0	0	Acetobacteraceae
d__Bacteria;p__Acidobacteriota;c__Acidobacteriae;o__Acidobacteriales;f__Acidobacteriaceae_(Subgroup_1)	0.100841982	0	0	0.000303628	0	0	0	0	Acidobacteriaceae_(Subgroup_1)
d__Bacteria;p__Actinobacteriota;c__Acidimicrobiia;o__uncultured;f__uncultured	0.012531819	0	0	0	0	0	0	0	d__Bacteria;p__Actinobacteriota;c__Acidimicrobiia;o__uncultured;f__uncultured
d__Bacteria;p__Proteobacteria;c__Alphaproteobacteria;o__Rickettsiales;f__Mitochondria	0.03563736	0.001108647	0.000856653	0.001973584	0	0	0	0	Mitochondria
d__Bacteria;p__Chloroflexi;c__AD3;o__AD3;f__AD3	0.106716272	0	0	0	0	0	0	0	AD3
d__Bacteria;p__Proteobacteria;c__Gammaproteobacteria;o__KF-JG30-C25;f__KF-JG30-C25	0.110436656	0	0	0	0	0	0	0	KF-JG30-C25
d__Bacteria;p__Actinobacteriota;c__Acidimicrobiia;o__IMCC26256;f__IMCC26256	0.017427061	0	0	0	0	0	0	0	IMCC26256
d__Bacteria;p__RCP2-54;c__RCP2-54;o__RCP2-54;f__RCP2-54	0.009790484	0	0	0	0	0	0	0	RCP2-54
d__Bacteria;p__Planctomycetota;c__Planctomycetes;o__Gemmatales;f__Gemmataceae	0.067358528	0.000923873	0	0.001366328	0	0	0	0	Gemmataceae
d__Bacteria;p__Proteobacteria;c__Gammaproteobacteria;o__Legionellales;f__Legionellaceae	0.005678481	0	0	0.000759071	0	0	0	0	Legionellaceae
d__Bacteria;p__Nitrospirota;c__Leptospirillia;o__Leptospirillales;f__Leptospirillaceae	0.021734874	0	0	0	0	0	0	0	Leptospirillaceae
d__Bacteria;p__Planctomycetota;c__Planctomycetes;o__Isosphaerales;f__Isosphaeraceae	0.087918543	0.000184775	0.000285551	0	0	0	0	0	Isosphaeraceae
d__Bacteria;p__Patescibacteria;c__Saccharimonadia;o__Saccharimonadales;f__Saccharimonadales	0.008419816	0.000184775	0	0.000151814	0	0	0	0	Saccharimonadales
d__Bacteria;p__Firmicutes;c__Clostridia;o__Clostridiales;f__Oxobacteraceae	0.002349716	0	0	0	0	0	0	0	Oxobacteraceae
d__Bacteria;p__Cyanobacteria;c__Cyanobacteriia;o__Chloroplast;f__Chloroplast	0.0121402	0.217479675	0.09737293	0.138302717	0	0	0	0	Chloroplast
d__Bacteria;p__Proteobacteria;c__Gammaproteobacteria;o__Gammaproteobacteria_Incertae_Sedis;f__Unknown_Family	0.009594674	0.000184775	0	0.000910885	0	0	0	0	d__Bacteria;p__Proteobacteria;c__Gammaproteobacteria;o__Gammaproteobacteria_Incertae_Sedis;f__Unknown_Family
d__Bacteria;p__Dependentiae;c__Babeliae;o__Babeliales;f__Babeliales	0.000391619	0	0	0	0	0	0	0	Babeliales
d__Bacteria;p__Actinobacteriota;c__Acidimicrobiia;__;__	0.0060701	0	0	0	0	0	0	0	d__Bacteria;p__Actinobacteriota;c__Acidimicrobiia;__;__
d__Bacteria;p__Firmicutes;c__Clostridia;o__Clostridiales;f__Clostridiaceae	0.000391619	0.008314856	0.010565391	0.003491726	0	0	0.023703011	0	Clostridiaceae
d__Bacteria;p__Firmicutes;c__Desulfotomaculia;o__Desulfotomaculales;f__Desulfotomaculales	0.004503622	0	0	0	0	0	0	0	Desulfotomaculales
d__Bacteria;p__Firmicutes;c__Desulfitobacteriia;o__Desulfitobacteriales;f__Desulfitobacteriaceae	0.008224006	0	0.000285551	0	0	0	0	0	Desulfitobacteriaceae
d__Bacteria;p__Chloroflexi;c__Chloroflexia;o__Elev-1554;f__Elev-1554	0.000979048	0	0	0	0	0	0	0	Elev-1554
d__Bacteria;p__Chloroflexi;c__Ktedonobacteria;o__Ktedonobacterales;f__Ktedonobacteraceae	0.005482671	0	0	0	0	0	0	0	Ktedonobacteraceae
d__Bacteria;p__Dependentiae;c__Babeliae;o__Babeliales;f__Vermiphilaceae	0.000391619	0	0	0	0	0	0	0	Vermiphilaceae
d__Bacteria;p__Dependentiae;c__Babeliae;o__Babeliales;f__Babeliaceae	0.000391619	0	0	0	0	0	0	0	Babeliaceae
d__Bacteria;p__Dependentiae;c__Babeliae;o__Babeliales;__	0.000391619	0	0	0	0	0	0	0	d__Bacteria;p__Dependentiae;c__Babeliae;o__Babeliales;__
d__Bacteria;p__Proteobacteria;c__Alphaproteobacteria;__;__	0.000391619	0.000369549	0	0.000303628	0	0	0	0	d__Bacteria;p__Proteobacteria;c__Alphaproteobacteria;__;__
d__Bacteria;p__Bdellovibrionota;c__Oligoflexia;o__Silvanigrellales;f__Silvanigrellaceae	0.001370668	0.000369549	0	0.000303628	0	0	0	0	Silvanigrellaceae
d__Bacteria;p__Bdellovibrionota;c__Oligoflexia;o__0319-6G20;f__0319-6G20	0.002545526	0	0.000285551	0.000151814	0	0	0	0	0319-6G20
d__Bacteria;p__WPS-2;c__WPS-2;o__WPS-2;f__WPS-2	0.001370668	0	0	0.000303628	0	0	0	0	WPS-2
d__Bacteria;p__Patescibacteria;c__Saccharimonadia;o__Saccharimonadales;__	0.000979048	0.000369549	0	0.000151814	0	0	0	0	d__Bacteria;p__Patescibacteria;c__Saccharimonadia;o__Saccharimonadales;__
d__Bacteria;p__Firmicutes;c__Sulfobacillia;o__Sulfobacillales;f__Sulfobacillaceae	0.000783239	0	0	0	0	0	0	0	Sulfobacillaceae
d__Bacteria;p__Firmicutes;c__Clostridia;o__Christensenellales;f__Christensenellaceae	0.000391619	0.002586844	0.003997716	0.001518142	0	0	0	0	Christensenellaceae
d__Bacteria;p__Firmicutes;c__Desulfotomaculia;o__Desulfotomaculales;f__Desulfallas-Sporotomaculum	0.000391619	0	0	0	0	0	0	0	Desulfallas-Sporotomaculum
d__Bacteria;p__Firmicutes;c__Clostridia;o__Clostridiales;f__Caloramatoraceae	0.000783239	0.000369549	0.000571102	0.000151814	0	0	0	0	Caloramatoraceae
d__Bacteria;p__Firmicutes;c__Symbiobacteriia;o__Symbiobacteriales;f__Symbiobacteraceae	0.001566477	0	0	0	0	0	0	0	Symbiobacteraceae
d__Bacteria;p__Proteobacteria;c__Alphaproteobacteria;o__Rickettsiales;f__Rickettsiaceae	0.000391619	0.000554324	0.000571102	0.000455443	0	0	0	0	Rickettsiaceae
d__Bacteria;p__Firmicutes;c__Bacilli;o__Bacillales;f__Bacillaceae	0.00019581	0.000923873	0.000285551	0.000303628	0	0.135392723	0.029044535	0	Bacillaceae
d__Bacteria;__;__;__;__	0.000391619	0.002956393	0.003997716	0.003795354	0	0	0.000133538	0	d__Bacteria;__;__;__;__
d__Bacteria;p__Firmicutes;c__Clostridia;o__Clostridia;f__Hungateiclostridiaceae	0.000391619	0.00886918	0.00770988	0.001366328	0	0	0	0	Hungateiclostridiaceae
d__Bacteria;p__Dependentiae;c__Babeliae;o__Babeliales;f__UBA12409	0.000391619	0	0	0	0	0	0	0	UBA12409
d__Bacteria;p__Proteobacteria;c__Alphaproteobacteria;o__Rhizobiales;f__Beijerinckiaceae	0.00019581	0.000739098	0.000285551	0.004554425	0.045454545	0	0	0	Beijerinckiaceae
d__Bacteria;p__Proteobacteria;c__Gammaproteobacteria;o__Pseudomonadales;f__Pseudomonadaceae	0.00019581	0.000554324	0	0.003036284	0.03030303	0.010595952	0.003004607	0	Pseudomonadaceae
d__Bacteria;p__Firmicutes;c__Bacilli;o__Staphylococcales;f__Staphylococcaceae	0.00019581	0	0	0	0	0.166563884	0.140749149	0	Staphylococcaceae
d__Bacteria;p__Proteobacteria;c__Gammaproteobacteria;o__Burkholderiales;f__Comamonadaceae	0	0.150960828	0.154197601	0.158190375	0.121212121	0	0	0	Comamonadaceae
d__Bacteria;p__Desulfobacterota;c__Syntrophia;o__Syntrophales;f__Syntrophaceae	0	0.007945307	0.016847516	0.009412479	0.015151515	0	0	0	Syntrophaceae
d__Bacteria;p__Bacteroidota;c__Kapabacteria;o__Kapabacteriales;f__Kapabacteriales	0	0.00203252	0	0.001062699	0	0	0	0	Kapabacteriales
d__Bacteria;p__Acidobacteriota;c__Blastocatellia;o__Blastocatellales;f__Blastocatellaceae	0	0.000184775	0	0.000303628	0	0	0	0	Blastocatellaceae
d__Bacteria;p__Bacteroidota;c__Bacteroidia;o__Cytophagales;f__Amoebophilaceae	0	0.000369549	0	0.000151814	0	0	0	0	Amoebophilaceae
d__Bacteria;p__Sva0485;c__Sva0485;o__Sva0485;f__Sva0485	0	0.004249815	0.01027984	0.002429027	0	0	0	0	Sva0485
d__Bacteria;p__Bacteroidota;c__Bacteroidia;o__Cytophagales;f__Spirosomaceae	0	0.009793052	0.001998858	0.012904205	0	0	0	0	Spirosomaceae
d__Bacteria;p__Verrucomicrobiota;c__Verrucomicrobiae;o__Opitutales;f__Opitutaceae	0	0.021249076	0.007138778	0.011537878	0	0	0	0	Opitutaceae
d__Bacteria;p__Proteobacteria;c__Gammaproteobacteria;o__Burkholderiales;f__Rhodocyclaceae	0	0.059127864	0.055968018	0.090025808	0	0	0	0	Rhodocyclaceae
d__Bacteria;p__Acidobacteriota;c__Acidobacteriae;o__GOUTB8;f__GOUTB8	0	0.000554324	0.000285551	0	0	0	0	0	GOUTB8
d__Bacteria;p__Bacteroidota;c__Bacteroidia;o__Bacteroidales;f__Prolixibacteraceae	0	0.036031042	0.049971445	0.031729164	0	0	0	0	Prolixibacteraceae
d__Bacteria;p__Proteobacteria;c__Gammaproteobacteria;o__Burkholderiales;f__Hydrogenophilaceae	0	0.009608278	0.016847516	0.024745711	0	0	0	0	Hydrogenophilaceae
d__Bacteria;p__Proteobacteria;c__Gammaproteobacteria;o__Burkholderiales;f__Methylophilaceae	0	0.009977827	0.00770988	0.008805222	0	0	0	0	Methylophilaceae
d__Bacteria;p__LCP-89;c__LCP-89;o__LCP-89;f__LCP-89	0	0.000739098	0.001998858	0.000910885	0	0	0	0	LCP-89
d__Bacteria;p__Desulfobacterota;c__Syntrophia;o__Syntrophales;f__Smithellaceae	0	0.00646711	0.011993147	0.00364354	0	0	0	0	Smithellaceae
d__Bacteria;p__Proteobacteria;c__Gammaproteobacteria;o__Burkholderiales;f__Chitinibacteraceae	0	0.002956393	0.001427756	0.000607257	0	0	0	0	Chitinibacteraceae
d__Bacteria;p__Proteobacteria;c__Gammaproteobacteria;o__Arenicellales;f__Arenicellaceae	0	0.004249815	0.009137636	0.009108851	0	0	0	0	Arenicellaceae
d__Bacteria;p__Proteobacteria;c__Gammaproteobacteria;o__Burkholderiales;f__SC-I-84	0	0.009053954	0.015134209	0.016547746	0.03030303	0	0	0	SC-I-84
d__Bacteria;p__Campilobacterota;c__Campylobacteria;o__Campylobacterales;f__Sulfurimonadaceae	0	0.03473762	0.066247858	0.012600577	0	0	0	0	Sulfurimonadaceae
d__Bacteria;p__Bacteroidota;c__Bacteroidia;o__Bacteroidales;f__Bacteroidetes_BD2-2	0	0.007390983	0.025128498	0.008653408	0	0	0	0	Bacteroidetes_BD2-2
d__Bacteria;p__Cyanobacteria;c__Cyanobacteriia;o__Cyanobacteriales;f__Phormidiaceae	0	0.05413895	0.003997716	0.001062699	0.015151515	0	0	0	Phormidiaceae
d__Bacteria;p__Spirochaetota;c__Spirochaetia;o__Spirochaetales;f__Spirochaetaceae	0	0.005728012	0.013135351	0.007287081	0	0	0	0	Spirochaetaceae
d__Bacteria;p__Proteobacteria;c__Gammaproteobacteria;o__Aeromonadales;f__Aeromonadaceae	0	0.011825573	0.001427756	0.007135266	0	0	0	0	Aeromonadaceae
d__Bacteria;p__Proteobacteria;c__Gammaproteobacteria;o__Xanthomonadales;f__Xanthomonadaceae	0	0.004619364	0.003997716	0.008197966	0	0	0	0	Xanthomonadaceae
d__Bacteria;p__Verrucomicrobiota;c__Kiritimatiellae;o__WCHB1-41;f__WCHB1-41	0	0.003880266	0.005996573	0.004554425	0	0	0	0	WCHB1-41
d__Bacteria;p__Firmicutes;c__Clostridia;o__Peptostreptococcales-Tissierellales;f__Anaerovoracaceae	0	0.003325942	0.00256996	0.000455443	0	0	0	0	Anaerovoracaceae
d__Bacteria;p__Firmicutes;c__Clostridia;o__Oscillospirales;__	0	0.000923873	0	0	0	0	0	0	d__Bacteria;p__Firmicutes;c__Clostridia;o__Oscillospirales;__
d__Bacteria;p__Proteobacteria;c__Alphaproteobacteria;o__Rhodobacterales;f__Rhodobacteraceae	0	0.015705839	0.008280982	0.030666464	0	0	0.017827335	0	Rhodobacteraceae
d__Bacteria;p__Proteobacteria;c__Gammaproteobacteria;o__Alteromonadales;f__Alteromonadaceae	0	0.002402069	0	0.002277213	0	0	0	0	Alteromonadaceae
d__Bacteria;p__Desulfobacterota;c__Desulfobacteria;o__Desulfobacterales;f__Desulfosarcinaceae	0	0.007021434	0.018560822	0.007135266	0	0	0	0	Desulfosarcinaceae
d__Bacteria;p__Bacteroidota;c__Bacteroidia;o__Bacteroidales;__	0	0.000739098	0.001998858	0.000455443	0	0	0	0	d__Bacteria;p__Bacteroidota;c__Bacteroidia;o__Bacteroidales;__
d__Bacteria;p__Bacteroidota;c__Bacteroidia;o__Chitinophagales;f__Chitinophagaceae	0	0.00886918	0.009423187	0.0203431	0	0	0	0	Chitinophagaceae
d__Bacteria;p__Campilobacterota;c__Campylobacteria;o__Campylobacterales;f__Arcobacteraceae	0	0.002956393	0.000856653	0.000455443	0	0	0	0	Arcobacteraceae
d__Bacteria;p__Firmicutes;c__Bacilli;o__Lactobacillales;f__Carnobacteriaceae	0	0.009238729	0.001427756	0.001518142	0	0	0	0	Carnobacteriaceae
d__Bacteria;p__Proteobacteria;c__Alphaproteobacteria;o__Rhizobiales;f__Rhizobiales_Incertae_Sedis	0	0.003325942	0.002855511	0.007287081	0	0	0	0	Rhizobiales_Incertae_Sedis
d__Bacteria;p__Proteobacteria;c__Gammaproteobacteria;o__Burkholderiales;f__Burkholderiaceae	0	0.001108647	0.000285551	0.000910885	0.03030303	0	0	0	Burkholderiaceae
d__Bacteria;p__Bacteroidota;c__Bacteroidia;__;__	0	0.002586844	0.000285551	0.004098983	0	0	0	0	d__Bacteria;p__Bacteroidota;c__Bacteroidia;__;__
d__Bacteria;p__Bacteroidota;c__Bacteroidia;o__Sphingobacteriales;f__Lentimicrobiaceae	0	0.007390983	0.008852085	0.007742523	0	0	0	0	Lentimicrobiaceae
d__Bacteria;p__Desulfobacterota;c__Syntrophobacteria;o__Syntrophobacterales;f__Syntrophobacteraceae	0	0.004249815	0.010565391	0.004250797	0	0	0	0	Syntrophobacteraceae
d__Bacteria;p__Desulfobacterota;c__Desulfobacteria;o__Desulfatiglandales;f__Desulfatiglandaceae	0	0.004804139	0.009423187	0.002884469	0	0	0	0	Desulfatiglandaceae
d__Bacteria;p__Bacteroidota;c__Bacteroidia;o__Bacteroidales;f__Paludibacteraceae	0	0.000923873	0.001427756	0.000455443	0	0	0	0	Paludibacteraceae
d__Bacteria;p__Myxococcota;c__Polyangia;o__Polyangiales;f__Phaselicystidaceae	0	0.000554324	0.000285551	0	0	0	0	0	Phaselicystidaceae
d__Bacteria;p__Myxococcota;c__Myxococcia;o__Myxococcales;f__Anaeromyxobacteraceae	0	0.000739098	0.000856653	0.002277213	0	0	0	0	Anaeromyxobacteraceae
d__Bacteria;p__Proteobacteria;c__Alphaproteobacteria;o__Rhizobiales;f__C2U	0	0.000923873	0.001142204	0.001366328	0	0	0	0	C2U
d__Bacteria;p__Proteobacteria;c__Alphaproteobacteria;o__Sphingomonadales;f__Sphingomonadaceae	0	0.009608278	0.003712164	0.011386063	0	0	0	0	Sphingomonadaceae
d__Bacteria;p__Firmicutes;c__Clostridia;o__Peptostreptococcales-Tissierellales;__	0	0.002771619	0.001713307	0.000303628	0	0	0	0	d__Bacteria;p__Firmicutes;c__Clostridia;o__Peptostreptococcales-Tissierellales;__
d__Bacteria;p__Proteobacteria;c__Alphaproteobacteria;o__Rhizobiales;f__Rhizobiaceae	0	0.003325942	0.003712164	0.007287081	0	0	0	0	Rhizobiaceae
d__Bacteria;p__Methylomirabilota;c__Methylomirabilia;o__Methylomirabilales;f__Methylomirabilaceae	0	0.004065041	0.005425471	0.003036284	0	0	0	0	Methylomirabilaceae
d__Bacteria;p__Bacteroidota;c__Bacteroidia;o__Bacteroidales;f__M2PB4-65_termite_group	0	0.000739098	0.001427756	0.000303628	0	0	0	0	M2PB4-65_termite_group
d__Bacteria;p__Campilobacterota;c__Campylobacteria;o__Campylobacterales;f__Sulfurospirillaceae	0	0.003510717	0.000856653	0.000759071	0	0	0	0	Sulfurospirillaceae
d__Bacteria;p__Verrucomicrobiota;c__Verrucomicrobiae;o__Chthoniobacterales;f__Chthoniobacteraceae	0	0.000369549	0	0	0	0	0	0	Chthoniobacteraceae
d__Bacteria;p__Desulfobacterota;c__Desulfobulbia;o__Desulfobulbales;f__Desulfocapsaceae	0	0.00443459	0.011422045	0.006679824	0	0	0	0	Desulfocapsaceae
d__Bacteria;p__Desulfobacterota;c__Desulfobaccia;o__Desulfobaccales;f__Desulfobaccaceae	0	0.006282336	0.010850942	0.003036284	0	0	0	0	Desulfobaccaceae
d__Bacteria;p__Desulfobacterota;c__Desulfuromonadia;o__Desulfuromonadia;f__Desulfuromonadaceae	0	0.000369549	0.000285551	0.000455443	0	0	0	0	Desulfuromonadaceae
d__Bacteria;p__Firmicutes;c__Clostridia;o__Lachnospirales;f__Defluviitaleaceae	0	0.001478197	0	0	0	0	0	0	Defluviitaleaceae
d__Bacteria;p__Proteobacteria;c__Alphaproteobacteria;o__Rhizobiales;f__Xanthobacteraceae	0	0.001108647	0.00256996	0.005768939	0.015151515	0	0	0	Xanthobacteraceae
d__Bacteria;p__Nitrospirota;c__Thermodesulfovibrionia;o__uncultured;f__uncultured	0	0.001293422	0.007424329	0.001214513	0	0	0	0	d__Bacteria;p__Nitrospirota;c__Thermodesulfovibrionia;o__uncultured;f__uncultured
d__Bacteria;p__Proteobacteria;c__Alphaproteobacteria;o__uncultured;f__uncultured	0	0.000369549	0.000571102	0.001214513	0	0	0	0	d__Bacteria;p__Proteobacteria;c__Alphaproteobacteria;o__uncultured;f__uncultured
d__Bacteria;p__Gemmatimonadota;c__Gemmatimonadetes;o__Gemmatimonadales;f__Gemmatimonadaceae	0	0.001662971	0.000571102	0.002429027	0	0	0	0	Gemmatimonadaceae
d__Bacteria;p__Fusobacteriota;c__Fusobacteriia;o__Fusobacteriales;f__Leptotrichiaceae	0	0.004249815	0.000285551	0.002580841	0	0	0	0	Leptotrichiaceae
d__Bacteria;p__Proteobacteria;c__Gammaproteobacteria;o__Diplorickettsiales;f__Diplorickettsiaceae	0	0.000923873	0	0.001669956	0	0	0	0	Diplorickettsiaceae
d__Bacteria;p__Latescibacterota;c__Latescibacterota;o__Latescibacterota;f__Latescibacterota	0	0.001847746	0.001998858	0.001973584	0	0	0	0	Latescibacterota
d__Bacteria;p__Acidobacteriota;__;__;__	0	0.000739098	0	0.000151814	0	0	0	0	d__Bacteria;p__Acidobacteriota;__;__;__
d__Bacteria;p__Desulfobacterota;c__Desulfuromonadia;o__Geobacterales;f__Geobacteraceae	0	0.012564671	0.013135351	0.019584029	0	0	0	0	Geobacteraceae
d__Bacteria;p__Bacteroidota;c__Bacteroidia;o__Bacteroidales;f__SB-5	0	0.004249815	0.016561965	0.00470624	0	0	0	0	SB-5
d__Bacteria;p__Bacteroidota;c__Kryptonia;o__Kryptoniales;f__BSV26	0	0.003880266	0.008852085	0.006983452	0.015151515	0	0	0	BSV26
d__Bacteria;p__Desulfobacterota;c__Syntrophia;o__Syntrophales;f__uncultured	0	0.007390983	0.009137636	0.007287081	0.045454545	0	0	0	d__Bacteria;p__Desulfobacterota;c__Syntrophia;o__Syntrophales;f__uncultured
d__Bacteria;p__Bacteroidota;c__Bacteroidia;o__Sphingobacteriales;f__NS11-12_marine_group	0	0.002402069	0.001427756	0.004858054	0	0	0	0	NS11-12_marine_group
d__Bacteria;p__Proteobacteria;c__Gammaproteobacteria;o__Pseudomonadales;f__Moraxellaceae	0	0.004065041	0.003712164	0.009716107	0	0	0.000600921	0	Moraxellaceae
d__Bacteria;p__Myxococcota;c__Polyangia;o__Haliangiales;f__Haliangiaceae	0	0.002956393	0.004283267	0.005161682	0	0	0	0	Haliangiaceae
d__Bacteria;p__Proteobacteria;c__Alphaproteobacteria;o__Rhizobiales;f__Hyphomicrobiaceae	0	0.001847746	0.003712164	0.004098983	0	0	0	0	Hyphomicrobiaceae
d__Bacteria;p__Firmicutes;c__Clostridia;o__Oscillospirales;f__Oscillospiraceae	0	0.000369549	0.000856653	0.000303628	0	0	0	0	Oscillospiraceae
d__Bacteria;p__Desulfobacterota;c__Syntrophorhabdia;o__Syntrophorhabdales;f__Syntrophorhabdaceae	0	0.002586844	0.004568818	0.002125399	0.015151515	0	0	0	Syntrophorhabdaceae
d__Bacteria;p__Zixibacteria;c__Zixibacteria;o__Zixibacteria;f__Zixibacteria	0	0.002586844	0.001427756	0.000151814	0	0	0	0	Zixibacteria
d__Bacteria;p__Fermentibacterota;c__Fermentibacteria;o__Fermentibacterales;f__Fermentibacteraceae	0	0.000369549	0.000285551	0	0	0	0	0	Fermentibacteraceae
d__Bacteria;p__Myxococcota;c__Polyangia;o__Polyangiales;f__Sandaracinaceae	0	0.002217295	0.003141062	0.005313496	0	0	0	0	Sandaracinaceae
d__Bacteria;p__Proteobacteria;c__Gammaproteobacteria;o__Burkholderiales;f__Sulfuricellaceae	0	0.004065041	0.005996573	0.006983452	0	0	0	0	Sulfuricellaceae
d__Bacteria;p__Firmicutes;c__Clostridia;o__Peptostreptococcales-Tissierellales;f__Acidaminobacteraceae	0	0.002402069	0.001998858	0.001214513	0	0	0	0	Acidaminobacteraceae
d__Bacteria;p__Acidobacteriota;c__Thermoanaerobaculia;o__Thermoanaerobaculales;f__Thermoanaerobaculaceae	0	0.00203252	0.003426613	0.000455443	0	0	0	0	Thermoanaerobaculaceae
d__Bacteria;p__Bacteroidota;c__Bacteroidia;o__Bacteroidales;f__Marinilabiliaceae	0	0.010162602	0.014277556	0.003947169	0	0	0	0	Marinilabiliaceae
d__Bacteria;p__Armatimonadota;c__Armatimonadia;o__Armatimonadales;f__Armatimonadaceae	0	0.000739098	0	0.000759071	0	0	0	0	Armatimonadaceae
d__Bacteria;p__Chloroflexi;c__SHA-26;o__SHA-26;f__SHA-26	0	0.000184775	0	0.000151814	0	0	0	0	SHA-26
d__Bacteria;p__Bacteroidota;c__Ignavibacteria;o__Ignavibacteriales;f__PHOS-HE36	0	0.000184775	0	0.000151814	0	0	0	0	PHOS-HE36
d__Bacteria;p__Bdellovibrionota;c__Bdellovibrionia;o__Bdellovibrionales;f__Bdellovibrionaceae	0	0.000554324	0.000571102	0.000607257	0	0	0	0	Bdellovibrionaceae
d__Bacteria;p__Actinobacteriota;c__Actinobacteria;o__Propionibacteriales;f__Propionibacteriaceae	0	0.000184775	0	0.000455443	0	0	0	0	Propionibacteriaceae
d__Bacteria;p__Firmicutes;c__Limnochordia;o__Limnochordia;f__Limnochordia	0	0.000369549	0	0.000455443	0	0	0	0	Limnochordia
d__Bacteria;p__Planctomycetota;c__vadinHA49;o__vadinHA49;f__vadinHA49	0	0.000184775	0.000571102	0.000151814	0	0	0	0	vadinHA49
d__Bacteria;p__Myxococcota;c__Polyangia;o__Polyangiales;f__BIrii41	0	0.000923873	0.001998858	0.001366328	0	0	0	0	BIrii41
d__Bacteria;p__Acidobacteriota;c__Acidobacteriae;o__Acidobacteriae;f__Acidobacteriae	0	0.002771619	0.00256996	0.002884469	0	0	0	0	Acidobacteriae
d__Bacteria;p__Firmicutes;c__Clostridia;o__Lachnospirales;__	0	0.001293422	0.000571102	0.000607257	0	0	0	0	d__Bacteria;p__Firmicutes;c__Clostridia;o__Lachnospirales;__
d__Bacteria;p__Firmicutes;c__Clostridia;o__Lachnospirales;f__Lachnospiraceae	0	0.002771619	0.002284409	0.000910885	0	0	0	0	Lachnospiraceae
d__Bacteria;p__Fibrobacterota;c__Chitinivibrionia;o__uncultured;f__uncultured	0	0.000184775	0	0.000151814	0	0	0	0	d__Bacteria;p__Fibrobacterota;c__Chitinivibrionia;o__uncultured;f__uncultured
d__Bacteria;p__Deinococcota;c__Deinococci;o__Deinococcales;f__Trueperaceae	0	0.000369549	0	0	0	0	0	0	Trueperaceae
d__Bacteria;p__Proteobacteria;c__Alphaproteobacteria;o__Dongiales;f__Dongiaceae	0	0.000554324	0.000856653	0.001669956	0	0	0	0	Dongiaceae
d__Bacteria;p__Firmicutes;c__Clostridia;o__Peptostreptococcales-Tissierellales;f__Fusibacteraceae	0	0.001108647	0.000285551	0.000455443	0	0	0	0	Fusibacteraceae
d__Bacteria;p__Acidobacteriota;c__Subgroup_18;o__Subgroup_18;f__Subgroup_18	0	0.000184775	0.000285551	0.000303628	0	0	0	0	Subgroup_18
d__Bacteria;p__Verrucomicrobiota;c__Chlamydiae;o__LD1-PA32;f__LD1-PA32	0	0.000369549	0.000285551	0.000607257	0	0	0	0	LD1-PA32
d__Bacteria;p__Desulfobacterota;c__Desulfobulbia;o__Desulfobulbales;f__Desulfobulbaceae	0	0.000739098	0.003141062	0.00364354	0	0	0	0	Desulfobulbaceae
d__Bacteria;p__Acidobacteriota;c__Acidobacteriae;o__Bryobacterales;f__Bryobacteraceae	0	0.001293422	0.000571102	0.00182177	0	0	0	0	Bryobacteraceae
d__Bacteria;p__Fibrobacterota;c__Fibrobacteria;o__Fibrobacterales;f__B122	0	0.000184775	0.001713307	0.000151814	0	0	0	0	B122
d__Bacteria;p__Proteobacteria;c__Gammaproteobacteria;o__Steroidobacterales;f__Steroidobacteraceae	0	0.001293422	0.002284409	0.004098983	0	0	0	0	Steroidobacteraceae
d__Bacteria;p__Cyanobacteria;c__Cyanobacteriia;o__Leptolyngbyales;f__Leptolyngbyaceae	0	0.003880266	0	0.002732655	0	0	0	0	Leptolyngbyaceae
d__Bacteria;p__Bacteroidota;c__Bacteroidia;o__Chitinophagales;f__Saprospiraceae	0	0.009608278	0.003997716	0.018673144	0	0	0	0	Saprospiraceae
d__Bacteria;p__SAR324_clade(Marine_group_B);c__SAR324_clade(Marine_group_B);o__SAR324_clade(Marine_group_B);f__SAR324_clade(Marine_group_B)	0	0.000554324	0	0	0	0	0	0	SAR324_clade(Marine_group_B)
d__Bacteria;p__Desulfobacterota;c__Syntrophobacteria;o__Syntrophobacterales;f__uncultured	0	0.00203252	0.002284409	0.001518142	0	0	0	0	d__Bacteria;p__Desulfobacterota;c__Syntrophobacteria;o__Syntrophobacterales;f__uncultured
d__Bacteria;p__Firmicutes;c__Negativicutes;o__Veillonellales-Selenomonadales;f__Sporomusaceae	0	0.002586844	0.000856653	0.000607257	0	0	0	0	Sporomusaceae
d__Bacteria;p__Bacteroidota;c__Bacteroidia;o__Sphingobacteriales;f__KD1-131	0	0.001478197	0.000856653	0.000607257	0	0	0	0	KD1-131
d__Bacteria;p__Acidobacteriota;c__Aminicenantia;o__Aminicenantales;f__Aminicenantales	0	0.001847746	0.002855511	0.001062699	0	0	0	0	Aminicenantales
d__Bacteria;p__Desulfobacterota;c__Desulfovibrionia;o__Desulfovibrionales;f__Desulfovibrionaceae	0	0.000923873	0.000856653	0.000455443	0	0	0	0	Desulfovibrionaceae
d__Bacteria;p__Latescibacterota;c__Latescibacteria;o__Latescibacterales;f__Latescibacteraceae	0	0.001478197	0.000285551	0.000303628	0	0	0	0	Latescibacteraceae
d__Bacteria;p__Proteobacteria;c__Gammaproteobacteria;o__Burkholderiales;f__Gallionellaceae	0	0.003510717	0.010565391	0.014118719	0	0	0	0	Gallionellaceae
d__Bacteria;p__Firmicutes;c__Clostridia;o__Clostridia;f__Gracilibacteraceae	0	0.000369549	0	0	0	0	0	0	Gracilibacteraceae
d__Bacteria;p__Cloacimonadota;c__Cloacimonadia;o__Cloacimonadales;f__PBS-18	0	0.000554324	0.001142204	0.000151814	0	0	0	0	PBS-18
d__Bacteria;p__Proteobacteria;c__Gammaproteobacteria;o__Burkholderiales;f__Nitrosomonadaceae	0	0.002402069	0.003712164	0.005768939	0	0	0	0	Nitrosomonadaceae
d__Bacteria;p__Nitrospirota;c__Nitrospiria;o__Nitrospirales;f__Nitrospiraceae	0	0.000739098	0.000285551	0.002277213	0	0	0	0	Nitrospiraceae
d__Bacteria;p__Actinobacteriota;c__Acidimicrobiia;o__Microtrichales;f__Ilumatobacteraceae	0	0.001108647	0.000285551	0.000303628	0	0	0	0	Ilumatobacteraceae
d__Bacteria;p__Hydrogenedentes;c__Hydrogenedentia;o__Hydrogenedentiales;f__Hydrogenedensaceae	0	0.000739098	0.000856653	0.000910885	0	0	0	0	Hydrogenedensaceae
d__Bacteria;p__Firmicutes;c__Clostridia;o__Peptostreptococcales-Tissierellales;f__Peptostreptococcales-Tissierellales	0	0.000554324	0.000285551	0.000607257	0	0	0	0	Peptostreptococcales-Tissierellales
d__Bacteria;p__Proteobacteria;c__Gammaproteobacteria;o__Run-SP154;f__Run-SP154	0	0.002402069	0.004283267	0.003188098	0	0	0	0	Run-SP154
d__Bacteria;p__Verrucomicrobiota;c__Omnitrophia;o__Omnitrophales;f__Omnitrophaceae	0	0.000739098	0.001713307	0.000759071	0	0	0	0	Omnitrophaceae
d__Bacteria;p__Actinobacteriota;c__Actinobacteria;o__PeM15;f__PeM15	0	0.000369549	0	0.000151814	0	0	0	0	PeM15
d__Bacteria;p__Proteobacteria;c__Gammaproteobacteria;o__Burkholderiales;f__Oxalobacteraceae	0	0.002586844	0.004854369	0.003036284	0.53030303	0	0	0	Oxalobacteraceae
d__Bacteria;p__Proteobacteria;c__Gammaproteobacteria;o__Aeromonadales;__	0	0.00203252	0	0.000303628	0	0	0	0	d__Bacteria;p__Proteobacteria;c__Gammaproteobacteria;o__Aeromonadales;__
d__Bacteria;p__Acidobacteriota;c__Vicinamibacteria;o__Vicinamibacterales;f__Vicinamibacteraceae	0	0.000369549	0.000571102	0.000759071	0	0	0	0	Vicinamibacteraceae
d__Bacteria;p__Bacteroidota;c__Bacteroidia;o__Flavobacteriales;f__Flavobacteriaceae	0	0.001293422	0.001142204	0.000151814	0	0	0	0	Flavobacteriaceae
d__Bacteria;p__Proteobacteria;c__Gammaproteobacteria;o__Methylococcales;f__Methylomonadaceae	0	0.00203252	0.003997716	0.011082435	0	0	0	0	Methylomonadaceae
d__Bacteria;p__Modulibacteria;c__Moduliflexia;o__Moduliflexales;f__Moduliflexaceae	0	0.000739098	0.000856653	0.000455443	0	0	0	0	Moduliflexaceae
d__Bacteria;p__Bacteroidota;c__Bacteroidia;o__Bacteroidales;f__Bacteroidetes_vadinHA17	0	0.001478197	0.003712164	0.001669956	0	0	0	0	Bacteroidetes_vadinHA17
d__Bacteria;p__Bacteroidota;c__Bacteroidia;o__Bacteroidales;f__Marinifilaceae	0	0.000739098	0	0.000607257	0	0	0	0	Marinifilaceae
d__Bacteria;p__Cyanobacteria;c__Cyanobacteriia;o__Cyanobacteriales;f__Cyanobacteriaceae	0	0.000369549	0	0	0	0	0	0	Cyanobacteriaceae
d__Bacteria;p__Acidobacteriota;c__Holophagae;o__Holophagales;f__Holophagaceae	0	0.000554324	0.000856653	0.000455443	0	0	0	0	Holophagaceae
d__Bacteria;p__Cyanobacteria;c__Cyanobacteriia;o__SepB-3;f__SepB-3	0	0.000923873	0	0	0	0	0	0	SepB-3
d__Bacteria;p__Bacteroidota;c__Bacteroidia;o__Cytophagales;f__Cyclobacteriaceae	0	0.000369549	0.001142204	0.001214513	0	0	0	0	Cyclobacteriaceae
d__Bacteria;p__Acidobacteriota;c__Subgroup_22;o__Subgroup_22;f__Subgroup_22	0	0.001108647	0.000571102	0.000151814	0	0	0	0	Subgroup_22
d__Bacteria;p__Proteobacteria;c__Gammaproteobacteria;o__Burkholderiales;f__Sutterellaceae	0	0.001293422	0.002855511	0.001669956	0	0	0	0	Sutterellaceae
d__Bacteria;p__Firmicutes;c__Clostridia;o__Eubacteriales;f__Eubacteriaceae	0	0.002217295	0.000856653	0.000151814	0	0	0	0	Eubacteriaceae
d__Bacteria;p__Bacteroidota;c__Bacteroidia;o__Bacteroidetes_VC2.1_Bac22;f__Bacteroidetes_VC2.1_Bac22	0	0.000554324	0	0	0	0	0	0	Bacteroidetes_VC2.1_Bac22
d__Bacteria;p__Fibrobacterota;c__Fibrobacteria;o__Fibrobacterales;f__Fibrobacteraceae	0	0.001478197	0	0.00470624	0	0	0	0	Fibrobacteraceae
d__Bacteria;p__Bacteroidota;c__Bacteroidia;o__Cytophagales;f__Microscillaceae	0	0.000554324	0	0.001062699	0	0	0	0	Microscillaceae
d__Bacteria;p__Firmicutes;c__Clostridia;o__Peptococcales;f__Peptococcaceae	0	0.001108647	0.000285551	0.000151814	0	0	0	0	Peptococcaceae
d__Bacteria;p__Bacteroidota;c__Bacteroidia;o__Sphingobacteriales;f__AKYH767	0	0.000739098	0.000571102	0.000759071	0	0	0	0	AKYH767
d__Bacteria;p__Proteobacteria;c__Gammaproteobacteria;o__Acidiferrobacterales;f__Acidiferrobacteraceae	0	0.000369549	0.001142204	0.000910885	0	0	0	0	Acidiferrobacteraceae
d__Bacteria;p__Desulfobacterota;c__Desulfomonilia;o__Desulfomonilales;f__Desulfomonilaceae	0	0.000369549	0.003997716	0.000303628	0	0	0	0	Desulfomonilaceae
d__Bacteria;p__Bacteroidota;c__Bacteroidia;o__Flavobacteriales;f__Crocinitomicaceae	0	0.000923873	0	0.000303628	0	0	0	0	Crocinitomicaceae
d__Bacteria;p__Spirochaetota;c__MVP-15;o__MVP-15;f__MVP-15	0	0.000554324	0.001998858	0.001366328	0	0	0	0	MVP-15
d__Bacteria;p__Planctomycetota;c__Phycisphaerae;o__Pla1_lineage;f__Pla1_lineage	0	0.000184775	0	0.000151814	0	0	0	0	Pla1_lineage
d__Bacteria;p__Acidobacteriota;c__Acidobacteriae;o__Solibacterales;f__Solibacteraceae	0	0.000184775	0	0.000455443	0	0	0	0	Solibacteraceae
d__Bacteria;p__Acidobacteriota;c__Vicinamibacteria;o__Vicinamibacterales;__	0	0.000369549	0.000285551	0.000151814	0.015151515	0	0	0	d__Bacteria;p__Acidobacteriota;c__Vicinamibacteria;o__Vicinamibacterales;__
d__Bacteria;p__Proteobacteria;c__Gammaproteobacteria;o__Burkholderiales;f__TRA3-20	0	0.000554324	0.000571102	0.001062699	0	0	0	0	TRA3-20
d__Bacteria;p__Schekmanbacteria;c__Schekmanbacteria;o__Schekmanbacteria;f__Schekmanbacteria	0	0.000554324	0.001427756	0	0	0	0	0	Schekmanbacteria
d__Bacteria;p__Bacteroidota;c__Bacteroidia;o__Sphingobacteriales;f__uncultured	0	0.000554324	0.000571102	0.000303628	0	0	0	0	d__Bacteria;p__Bacteroidota;c__Bacteroidia;o__Sphingobacteriales;f__uncultured
d__Bacteria;p__Bacteroidota;c__Bacteroidia;o__Sphingobacteriales;f__Z4MB62	0	0.000184775	0	0.000151814	0	0	0	0	Z4MB62
d__Bacteria;p__Myxococcota;c__Polyangia;o__Blfdi19;f__Blfdi19	0	0.000369549	0.000285551	0.001062699	0	0	0	0	Blfdi19
d__Bacteria;p__Firmicutes;c__Bacilli;o__Bacillales;f__Planococcaceae	0	0.000554324	0.000285551	0.000455443	0	0	0	0	Planococcaceae
d__Bacteria;p__Armatimonadota;c__uncultured;o__uncultured;f__uncultured	0	0.000184775	0.000856653	0	0	0	0	0	d__Bacteria;p__Armatimonadota;c__uncultured;o__uncultured;f__uncultured
d__Bacteria;p__Desulfobacterota;c__uncultured;o__uncultured;f__uncultured	0	0.000369549	0.001427756	0.000455443	0	0	0	0	d__Bacteria;p__Desulfobacterota;c__uncultured;o__uncultured;f__uncultured
d__Bacteria;p__Bacteroidota;c__Bacteroidia;o__Bacteroidales;f__Dysgonomonadaceae	0	0.000184775	0.000285551	0.000151814	0	0	0	0	Dysgonomonadaceae
d__Bacteria;p__Proteobacteria;c__Gammaproteobacteria;o__Cellvibrionales;f__Halieaceae	0	0.000184775	0.000285551	0.000303628	0	0	0	0	Halieaceae
d__Bacteria;p__Chloroflexi;c__Anaerolineae;o__SJA-15;f__SJA-15	0	0.001108647	0.00256996	0.002732655	0	0	0	0	SJA-15
d__Bacteria;p__Bacteroidota;c__Kryptonia;o__Kryptoniales;f__MSB-3C8	0	0.000184775	0.000571102	0	0	0	0	0	MSB-3C8
d__Bacteria;p__Nitrospinota;c__P9X2b3D02;o__P9X2b3D02;f__P9X2b3D02	0	0.000369549	0	0.000303628	0	0	0	0	P9X2b3D02
d__Bacteria;p__Proteobacteria;c__Gammaproteobacteria;o__Burkholderiales;f__B1-7BS	0	0.000369549	0.000571102	0.000303628	0	0	0	0	B1-7BS
d__Bacteria;p__Margulisbacteria;c__Margulisbacteria;o__Margulisbacteria;f__Margulisbacteria	0	0.000184775	0.000571102	0.000151814	0	0	0	0	Margulisbacteria
d__Bacteria;p__Bacteroidota;c__Bacteroidia;o__Sphingobacteriales;f__env.OPS_17	0	0.000184775	0	0.000455443	0	0	0	0	env.OPS_17
d__Bacteria;p__NB1-j;c__NB1-j;o__NB1-j;f__NB1-j	0	0.000369549	0	0	0	0	0	0	NB1-j
d__Bacteria;p__Proteobacteria;c__Gammaproteobacteria;o__Thiotrichales;f__Thiotrichaceae	0	0.000739098	0.00256996	0.000455443	0	0	0	0	Thiotrichaceae
d__Bacteria;p__Firmicutes;c__Desulfitobacteriia;o__Desulfitobacteriales;f__Desulfitobacteriales	0	0.000739098	0	0	0	0	0	0	Desulfitobacteriales
d__Bacteria;p__Proteobacteria;c__Alphaproteobacteria;o__Rhizobiales;f__Pleomorphomonadaceae	0	0.000184775	0	0.000151814	0	0	0	0	Pleomorphomonadaceae
d__Bacteria;p__Actinobacteriota;c__Actinobacteria;o__Micrococcales;f__Intrasporangiaceae	0	0.000369549	0	0.000759071	0	0	0	0	Intrasporangiaceae
d__Bacteria;p__Elusimicrobiota;c__Lineage_IIc;o__Lineage_IIc;f__Lineage_IIc	0	0.000184775	0.000285551	0	0	0	0	0	Lineage_IIc
d__Bacteria;p__Cyanobacteria;c__Cyanobacteriia;o__Thermosynechococcales;f__Thermosynechococcaceae	0	0.000369549	0	0.000151814	0	0	0	0	Thermosynechococcaceae
d__Bacteria;p__Proteobacteria;c__Alphaproteobacteria;o__Rhizobiales;f__Methyloligellaceae	0	0.000184775	0.000571102	0.000455443	0	0	0	0	Methyloligellaceae
d__Bacteria;p__Proteobacteria;c__Alphaproteobacteria;o__Caulobacterales;f__Hyphomonadaceae	0	0.000184775	0	0.000151814	0	0	0	0	Hyphomonadaceae
d__Bacteria;p__Cyanobacteria;c__Cyanobacteriia;o__Cyanobacteriales;f__Nostocaceae	0	0.000739098	0	0.000151814	0	0	0	0	Nostocaceae
d__Bacteria;p__Verrucomicrobiota;c__Verrucomicrobiae;o__LD1-PB3;f__LD1-PB3	0	0.000184775	0.000571102	0.000455443	0	0	0	0	LD1-PB3
d__Bacteria;p__Myxococcota;c__Myxococcia;o__Myxococcales;f__Myxococcaceae	0	0.000184775	0.000856653	0.000759071	0	0	0	0	Myxococcaceae
d__Bacteria;p__Firmicutes;c__Clostridia;o__Peptostreptococcales-Tissierellales;f__Peptostreptococcaceae	0	0.000369549	0.000285551	0.000151814	0	0	0	0	Peptostreptococcaceae
d__Bacteria;p__Desulfobacterota;c__Syntrophia;o__Syntrophales;__	0	0.000184775	0.001142204	0.000303628	0	0	0	0	d__Bacteria;p__Desulfobacterota;c__Syntrophia;o__Syntrophales;__
d__Bacteria;p__Cyanobacteria;c__Cyanobacteriia;o__Synechococcales;f__Synechococcales_Incertae_Sedis	0	0.000184775	0	0.000455443	0	0	0	0	Synechococcales_Incertae_Sedis
d__Bacteria;p__Patescibacteria;c__Microgenomatia;o__Candidatus_Roizmanbacteria;f__Candidatus_Roizmanbacteria	0	0.000554324	0.000285551	0.000151814	0	0	0	0	Candidatus_Roizmanbacteria
d__Bacteria;p__Proteobacteria;c__Gammaproteobacteria;o__Competibacterales;f__Competibacteraceae	0	0.000554324	0.000856653	0.000759071	0	0	0	0	Competibacteraceae
d__Bacteria;p__Actinobacteriota;c__Thermoleophilia;o__Gaiellales;f__uncultured	0	0.000369549	0.000856653	0.000303628	0	0	0	0	d__Bacteria;p__Actinobacteriota;c__Thermoleophilia;o__Gaiellales;f__uncultured
d__Bacteria;p__Bacteroidota;c__Ignavibacteria;o__Ignavibacteriales;f__Ignavibacteriaceae	0	0.000184775	0.000856653	0.000151814	0	0	0	0	Ignavibacteriaceae
d__Bacteria;p__Cyanobacteria;c__Sericytochromatia;o__Sericytochromatia;f__Sericytochromatia	0	0.001108647	0	0.002277213	0	0	0	0	Sericytochromatia
d__Bacteria;p__Cyanobacteria;c__Cyanobacteriia;o__Oxyphotobacteria_Incertae_Sedis;f__Unknown_Family	0	0.000554324	0	0.000151814	0	0	0	0	d__Bacteria;p__Cyanobacteria;c__Cyanobacteriia;o__Oxyphotobacteria_Incertae_Sedis;f__Unknown_Family
d__Bacteria;p__Acidobacteriota;c__Subgroup_11;o__Subgroup_11;f__Subgroup_11	0	0.000184775	0	0.000151814	0	0	0	0	Subgroup_11
d__Bacteria;p__Verrucomicrobiota;c__Verrucomicrobiae;o__Verrucomicrobiales;f__Rubritaleaceae	0	0.000184775	0	0.00470624	0	0	0	0	Rubritaleaceae
d__Bacteria;p__Cyanobacteria;c__Cyanobacteriia;o__Cyanobacteriales;f__Xenococcaceae	0	0.000554324	0.000285551	0.000455443	0	0	0	0	Xenococcaceae
d__Bacteria;p__Armatimonadota;c__Armatimonadia;o__Armatimonadales;f__Armatimonadales	0	0.000184775	0	0.000607257	0	0	0	0	Armatimonadales
d__Bacteria;p__Planctomycetota;c__Planctomycetes;o__Pirellulales;f__Pirellulaceae	0	0.000554324	0.000571102	0.000759071	0	0	0	0	Pirellulaceae
d__Bacteria;p__Firmicutes;c__Clostridia;o__Oscillospirales;f__Ruminococcaceae	0	0.000184775	0.000285551	0.005161682	0	0	0	0	Ruminococcaceae
d__Bacteria;p__Chloroflexi;c__Anaerolineae;o__Caldilineales;f__Caldilineaceae	0	0.000184775	0.000285551	0	0	0	0	0	Caldilineaceae
d__Bacteria;p__Proteobacteria;c__Alphaproteobacteria;o__Caulobacterales;f__Caulobacteraceae	0	0.000369549	0.000285551	0.000910885	0.015151515	0	0	0	Caulobacteraceae
d__Bacteria;p__Myxococcota;c__Polyangia;o__Nannocystales;f__Nannocystaceae	0	0.000369549	0	0.000303628	0	0	0	0	Nannocystaceae
d__Bacteria;p__Actinobacteriota;c__Actinobacteria;o__Micrococcales;f__Dermacoccaceae	0	0.000184775	0	0	0	0	0	0.5	Dermacoccaceae
d__Bacteria;p__Planctomycetota;c__Phycisphaerae;o__MSBL9;f__SM23-30	0	0.000184775	0.000571102	0.000151814	0	0	0	0	SM23-30
d__Bacteria;p__Proteobacteria;c__Gammaproteobacteria;o__SZB30;f__SZB30	0	0.000184775	0	0.000151814	0	0	0	0	SZB30
d__Bacteria;p__Actinobacteriota;c__Actinobacteria;o__Micrococcales;f__Dermatophilaceae	0	0.000184775	0	0.000151814	0	0	0	0	Dermatophilaceae
d__Bacteria;p__FCPU426;c__FCPU426;o__FCPU426;f__FCPU426	0	0.000369549	0	0	0	0	0	0	FCPU426
d__Bacteria;p__Desulfobacterota;c__Desulfobacteria;o__Desulfobacterales;f__Desulfococcaceae	0	0.000184775	0.001998858	0.000303628	0	0	0	0	Desulfococcaceae
d__Bacteria;p__Bacteroidota;c__Bacteroidia;o__Cytophagales;__	0	0.000369549	0	0.000759071	0	0	0	0	d__Bacteria;p__Bacteroidota;c__Bacteroidia;o__Cytophagales;__
d__Bacteria;p__Desulfobacterota;c__Desulfuromonadia;o__Geobacterales;__	0	0.000184775	0.000285551	0	0	0	0	0	d__Bacteria;p__Desulfobacterota;c__Desulfuromonadia;o__Geobacterales;__
d__Bacteria;p__Planctomycetota;c__Phycisphaerae;o__MSBL9;f__KCLunmb-38-53	0	0.000184775	0.000285551	0.000607257	0	0	0	0	KCLunmb-38-53
d__Bacteria;p__Firmicutes;c__Clostridia;o__Oscillospirales;f__[Eubacterium]_coprostanoligenes_group	0	0.000184775	0.003426613	0.000455443	0	0	0	0	[Eubacterium]_coprostanoligenes_group
d__Bacteria;p__Myxococcota;c__Polyangia;o__Polyangiales;f__Polyangiaceae	0	0.000184775	0.000285551	0.000455443	0.03030303	0	0	0	Polyangiaceae
d__Bacteria;p__Actinobacteriota;c__Actinobacteria;o__Frankiales;f__Nakamurellaceae	0	0.000184775	0	0.000151814	0	0	0	0	Nakamurellaceae
d__Bacteria;p__Fibrobacterota;c__Fibrobacteria;o__Fibrobacterales;f__Fibrobacterales	0	0.000369549	0.000285551	0.000303628	0	0	0	0	Fibrobacterales
d__Bacteria;p__Bacteroidota;c__Bacteroidia;o__Chitinophagales;f__uncultured	0	0.000184775	0.000285551	0.001518142	0	0	0	0	d__Bacteria;p__Bacteroidota;c__Bacteroidia;o__Chitinophagales;f__uncultured
d__Bacteria;p__Desulfobacterota;c__Desulfuromonadia;o__PB19;f__PB19	0	0.000184775	0	0.000455443	0	0	0	0	PB19
d__Bacteria;p__Bdellovibrionota;c__Bdellovibrionia;o__Bacteriovoracales;f__Bacteriovoracaceae	0	0.000184775	0.000285551	0.000607257	0	0	0	0	Bacteriovoracaceae
d__Bacteria;p__Desulfobacterota;c__Desulfobacteria;o__Desulfobacterales;f__Desulfobacteraceae	0	0	0.01798972	0.000455443	0	0	0	0	Desulfobacteraceae
d__Bacteria;p__Campilobacterota;c__Campylobacteria;o__Campylobacterales;f__Sulfurovaceae	0	0	0.012564249	0	0	0	0	0	Sulfurovaceae
d__Bacteria;p__WS2;c__WS2;o__WS2;f__WS2	0	0	0.001142204	0.000759071	0	0	0	0	WS2
d__Bacteria;p__Nitrospirota;c__4-29-1;o__4-29-1;f__4-29-1	0	0	0.000285551	0.000607257	0	0	0	0	4-29-1
d__Bacteria;p__Proteobacteria;c__Alphaproteobacteria;o__Reyranellales;f__Reyranellaceae	0	0	0.000285551	0.000455443	0	0	0	0	Reyranellaceae
d__Bacteria;p__Proteobacteria;c__Alphaproteobacteria;o__Defluviicoccales;f__Defluviicoccaceae	0	0	0.000856653	0.000759071	0	0	0	0	Defluviicoccaceae
d__Bacteria;p__Acidobacteriota;c__Holophagae;o__Subgroup_7;f__Subgroup_7	0	0	0.000571102	0.000151814	0	0	0	0	Subgroup_7
d__Bacteria;p__Elusimicrobiota;c__Endomicrobia;o__Endomicrobiales;f__Endomicrobiaceae	0	0	0.000571102	0.000303628	0	0	0	0	Endomicrobiaceae
d__Bacteria;p__Desulfobacterota;c__Desulfuromonadia;o__Bradymonadales;f__Bradymonadales	0	0	0.001142204	0.000910885	0	0	0	0	Bradymonadales
d__Bacteria;p__Planctomycetota;c__Planctomycetes;o__Planctomycetales;f__Rubinisphaeraceae	0	0	0.000285551	0.001366328	0	0	0	0	Rubinisphaeraceae
d__Bacteria;p__Proteobacteria;c__Gammaproteobacteria;o__CCD24;f__CCD24	0	0	0.000285551	0.000151814	0	0	0	0	CCD24
d__Bacteria;p__MBNT15;c__MBNT15;o__MBNT15;f__MBNT15	0	0	0.000571102	0.000151814	0	0	0	0	MBNT15
d__Bacteria;p__Campilobacterota;c__Campylobacteria;o__Campylobacterales;f__Campylobacteraceae	0	0	0.001427756	0	0	0	0	0	Campylobacteraceae
d__Bacteria;p__Planctomycetota;c__Phycisphaerae;o__MSBL9;f__GWC2-45-44	0	0	0.000571102	0	0	0	0	0	GWC2-45-44
d__Bacteria;p__Verrucomicrobiota;c__Verrucomicrobiae;o__Pedosphaerales;f__Pedosphaeraceae	0	0	0.000285551	0.001366328	0	0	0	0	Pedosphaeraceae
d__Bacteria;p__Proteobacteria;c__Gammaproteobacteria;o__Oceanospirillales;f__Halomonadaceae	0	0	0.000285551	0.000151814	0	0	0	0	Halomonadaceae
d__Bacteria;p__Proteobacteria;c__Gammaproteobacteria;o__Enterobacterales;f__Erwiniaceae	0	0	0.000571102	0	0	0	0	0	Erwiniaceae
d__Bacteria;p__Proteobacteria;c__Gammaproteobacteria;o__R7C24;f__R7C24	0	0	0.000285551	0.001366328	0	0	0	0	R7C24
d__Bacteria;p__Desulfobacterota;c__Desulfobacteria;o__Desulfobacterales;f__Desulfobacterales	0	0	0.000856653	0	0	0	0	0	Desulfobacterales
d__Bacteria;p__Planctomycetota;c__Phycisphaerae;o__Tepidisphaerales;f__WD2101_soil_group	0	0	0.000285551	0.000151814	0	0	0	0	WD2101_soil_group
d__Bacteria;p__Acidobacteriota;c__Vicinamibacteria;o__Vicinamibacterales;f__uncultured	0	0	0.002855511	0.000759071	0	0	0	0	d__Bacteria;p__Acidobacteriota;c__Vicinamibacteria;o__Vicinamibacterales;f__uncultured
d__Bacteria;p__Proteobacteria;c__Gammaproteobacteria;__;__	0	0	0.000856653	0.001062699	0	0	0	0	d__Bacteria;p__Proteobacteria;c__Gammaproteobacteria;__;__
d__Bacteria;p__Proteobacteria;c__Alphaproteobacteria;o__Rhizobiales;f__Devosiaceae	0	0	0.000571102	0.001214513	0	0	0	0	Devosiaceae
d__Bacteria;p__Firmicutes;c__Clostridia;o__Oscillospirales;f__UCG-010	0	0	0.000285551	0.000151814	0	0	0	0	UCG-010
d__Bacteria;p__Proteobacteria;c__Gammaproteobacteria;o__Cellvibrionales;f__Spongiibacteraceae	0	0	0.001142204	0.000455443	0	0	0	0	Spongiibacteraceae
d__Bacteria;p__Desulfobacterota;c__Desulfuromonadia;o__Desulfuromonadia;f__Geothermobacteraceae	0	0	0.000285551	0.000151814	0	0	0	0	Geothermobacteraceae
d__Bacteria;p__Desulfobacterota;c__Desulfobulbia;o__Desulfobulbales;f__Desulfurivibrionaceae	0	0	0.000285551	0.000151814	0	0	0	0	Desulfurivibrionaceae
d__Bacteria;p__Proteobacteria;c__Gammaproteobacteria;o__1013-28-CG33;f__1013-28-CG33	0	0	0.000285551	0.000151814	0	0	0	0	1013-28-CG33
d__Bacteria;p__Proteobacteria;c__Gammaproteobacteria;o__Coxiellales;f__Coxiellaceae	0	0	0.000285551	0.000151814	0	0	0	0	Coxiellaceae
d__Bacteria;p__Bacteroidota;c__Bacteroidia;o__Flavobacteriales;f__NS9_marine_group	0	0	0.000285551	0.000151814	0	0	0	0	NS9_marine_group
d__Bacteria;p__Acidobacteriota;c__Vicinamibacteria;o__Subgroup_17;f__Subgroup_17	0	0	0.000285551	0.001062699	0	0	0	0	Subgroup_17
d__Bacteria;p__Firmicutes;c__Clostridia;__;__	0	0	0.000571102	0	0	0	0	0	d__Bacteria;p__Firmicutes;c__Clostridia;__;__
d__Bacteria;p__Actinobacteriota;c__Thermoleophilia;o__Gaiellales;f__Gaiellaceae	0	0	0.000285551	0.000151814	0	0	0	0	Gaiellaceae
d__Bacteria;p__Actinobacteriota;c__WCHB1-81;o__WCHB1-81;f__WCHB1-81	0	0	0.000285551	0.000151814	0	0	0	0	WCHB1-81
d__Bacteria;p__Firmicutes;c__Incertae_Sedis;o__DTU014;f__DTU014	0	0	0	0.000303628	0	0	0	0	DTU014
d__Bacteria;p__Verrucomicrobiota;c__Lentisphaeria;o__Oligosphaerales;f__Lenti-02	0	0	0	0.000607257	0	0	0	0	Lenti-02
d__Bacteria;p__Actinobacteriota;c__Acidimicrobiia;o__Microtrichales;f__Microtrichaceae	0	0	0	0.000303628	0	0	0	0	Microtrichaceae
d__Bacteria;p__Proteobacteria;c__Alphaproteobacteria;o__Rhizobiales;f__Kaistiaceae	0	0	0	0.000303628	0	0	0	0	Kaistiaceae
d__Bacteria;p__Proteobacteria;c__Gammaproteobacteria;o__Cellvibrionales;f__Cellvibrionaceae	0	0	0	0.000910885	0	0	0	0	Cellvibrionaceae
d__Bacteria;p__Proteobacteria;c__Gammaproteobacteria;o__Burkholderiales;f__Alcaligenaceae	0	0	0	0.000303628	0	0	0	0	Alcaligenaceae
d__Bacteria;p__Firmicutes;c__Bacilli;o__Lactobacillales;f__Catellicoccaceae	0	0	0	0.001062699	0	0	0	0	Catellicoccaceae
d__Bacteria;p__Verrucomicrobiota;c__Verrucomicrobiae;o__Verrucomicrobiales;f__Verrucomicrobiaceae	0	0	0	0.001669956	0	0	0	0	Verrucomicrobiaceae
d__Bacteria;p__Bacteroidota;c__Bacteroidia;o__Cytophagales;f__Cytophagaceae	0	0	0	0.000303628	0	0	0	0	Cytophagaceae
d__Bacteria;p__Bdellovibrionota;c__Oligoflexia;o__053A03-B-DI-P58;f__053A03-B-DI-P58	0	0	0	0.000303628	0	0	0	0	053A03-B-DI-P58
d__Bacteria;p__Actinobacteriota;c__Actinobacteria;o__Propionibacteriales;f__Nocardioidaceae	0	0	0	0.000607257	0	0	0	0	Nocardioidaceae
d__Bacteria;p__Proteobacteria;c__Alphaproteobacteria;o__Rhizobiales;f__A0839	0	0	0	0.000303628	0	0	0	0	A0839
d__Bacteria;p__Proteobacteria;c__Alphaproteobacteria;o__Tistrellales;f__Geminicoccaceae	0	0	0	0.000455443	0	0	0	0	Geminicoccaceae
d__Bacteria;p__Proteobacteria;c__Alphaproteobacteria;o__Rhizobiales;f__Labraceae	0	0	0	0.000303628	0	0	0	0	Labraceae
d__Bacteria;p__Proteobacteria;c__Alphaproteobacteria;o__Rickettsiales;f__SM2D12	0	0	0	0.000303628	0	0	0	0	SM2D12
d__Bacteria;p__Verrucomicrobiota;c__Omnitrophia;o__Omnitrophales;f__Omnitrophales	0	0	0	0.000303628	0	0	0	0	Omnitrophales
d__Bacteria;p__Spirochaetota;c__Leptospirae;o__Leptospirales;f__Leptospiraceae	0	0	0	0.000303628	0	0	0	0	Leptospiraceae
d__Bacteria;p__Verrucomicrobiota;c__Kiritimatiellae;o__Kiritimatiellales;f__Kiritimatiellaceae	0	0	0	0.000303628	0	0	0	0	Kiritimatiellaceae
d__Bacteria;p__Chloroflexi;c__Chloroflexia;o__Thermomicrobiales;f__JG30-KF-CM45	0	0	0	0.000303628	0	0	0	0	JG30-KF-CM45
d__Bacteria;p__Desulfobacterota;c__Desulfuromonadia;o__MA-28-I98C;f__MA-28-I98C	0	0	0	0.000455443	0	0	0	0	MA-28-I98C
d__Bacteria;p__Bacteroidota;c__Bacteroidia;o__Sphingobacteriales;f__ST-12K33	0	0	0	0.000303628	0	0	0	0	ST-12K33
d__Bacteria;p__Proteobacteria;c__Gammaproteobacteria;o__Burkholderiales;f__Chromobacteriaceae	0	0	0	0.000303628	0	0	0	0	Chromobacteriaceae
d__Bacteria;p__Bacteroidota;c__Bacteroidia;o__Chitinophagales;f__37-13	0	0	0	0.000455443	0	0	0	0	37-13
d__Bacteria;p__Myxococcota;__;__;__	0	0	0	0.000303628	0	0	0	0	d__Bacteria;p__Myxococcota;__;__;__
d__Bacteria;p__Proteobacteria;c__Alphaproteobacteria;o__Thalassobaculales;f__uncultured	0	0	0	0.000303628	0	0	0	0	d__Bacteria;p__Proteobacteria;c__Alphaproteobacteria;o__Thalassobaculales;f__uncultured
d__Bacteria;p__Proteobacteria;c__Gammaproteobacteria;o__Enterobacterales;f__Enterobacteriaceae	0	0	0	0.000303628	0	0.37971632	0.636642852	0.5	Enterobacteriaceae
d__Bacteria;p__Bacteroidota;c__Bacteroidia;o__Bacteroidales;f__Williamwhitmaniaceae	0	0	0	0.000303628	0	0	0	0	Williamwhitmaniaceae
d__Bacteria;p__Firmicutes;c__Bacilli;o__Lactobacillales;f__Enterococcaceae	0	0	0	0.000303628	0	0.089589056	6.68E-05	0	Enterococcaceae
d__Bacteria;p__Firmicutes;c__Bacilli;o__Exiguobacterales;f__Exiguobacteraceae	0	0	0	0.000455443	0	0	0	0	Exiguobacteraceae
d__Bacteria;p__Verrucomicrobiota;c__Omnitrophia;o__Omnitrophales;__	0	0	0	0.000303628	0	0	0	0	d__Bacteria;p__Verrucomicrobiota;c__Omnitrophia;o__Omnitrophales;__
d__Bacteria;p__Proteobacteria;c__Gammaproteobacteria;o__Ga0077536;f__Ga0077536	0	0	0	0.000303628	0	0	0	0	Ga0077536
d__Bacteria;p__Actinobacteriota;c__Acidimicrobiia;o__Microtrichales;f__uncultured	0	0	0	0.000303628	0	0	0	0	d__Bacteria;p__Actinobacteriota;c__Acidimicrobiia;o__Microtrichales;f__uncultured
d__Bacteria;p__Firmicutes;c__Bacilli;o__Lactobacillales;f__Listeriaceae	0	0	0	0	0	0.124124012	0	0	Listeriaceae
d__Bacteria;p__Firmicutes;c__Bacilli;o__Lactobacillales;f__Lactobacillaceae	0	0	0	0	0	0.093905926	0.002470455	0	Lactobacillaceae
d__Bacteria;p__Firmicutes;c__Bacilli;__;__	0	0	0	0	0	0.000112126	0	0	d__Bacteria;p__Firmicutes;c__Bacilli;__;__
d__Bacteria;p__Firmicutes;c__Bacilli;o__Lactobacillales;f__Streptococcaceae	0	0	0	0	0	0	0.140014689	0	Streptococcaceae
d__Bacteria;p__Campilobacterota;c__Campylobacteria;o__Campylobacterales;f__Helicobacteraceae	0	0	0	0	0	0	0.003138145	0	Helicobacteraceae
d__Bacteria;p__Bacteroidota;c__Bacteroidia;o__Bacteroidales;f__Porphyromonadaceae	0	0	0	0	0	0	0.002003071	0	Porphyromonadaceae
d__Bacteria;p__Proteobacteria;c__Gammaproteobacteria;o__Burkholderiales;f__Neisseriaceae	0	0	0	0	0	0	0.000600921	0	Neisseriaceae
